file,split,per_occ,cat,img_w,img_h,aspect_ratio,per_occ_torso,per_occ_head,per_occ_leg
2008_000181,val,0.4020002374169041,cat,486,348,1.396551724137931,0.3332799145299145,0.05668922127255461,0.017788461538461538
2008_000428,train,0.3396664292497626,horse,400,253,1.5810276679841897,0.23841999050332383,0.027095204178537512,0.08697768281101614
2008_000696,val,0.06575261158594492,horse,500,286,1.7482517482517483,0.0321343779677113,0.014155982905982906,0.0220679012345679
2008_000905,val,0.4941714150047483,cow,500,333,1.5015015015015014,0.18424738841405508,0.31785375118708453,0.0
2008_000915,train,0.007460826210826211,sheep,500,375,1.3333333333333333,0.005027302943969611,0.001193019943019943,0.0020180436847103515
2008_001137,val,0.17546296296296296,dog,375,500,0.75,0.07930318138651472,0.06435185185185185,0.03514363722697056
2008_001278,train,0.29995251661918326,horse,400,300,1.3333333333333333,0.18632478632478633,0.05210707502374169,0.06713556505223171
2008_001285,train,0.12013888888888889,dog,500,339,1.4749262536873156,0.08404558404558404,0.013936372269705602,0.01728988603988604
2008_001592,val,0.10537749287749287,cat,500,375,1.3333333333333333,0.09122150997150998,0.013532763532763533,0.005240978157644825
2008_001836,train,0.06882716049382716,cat,500,403,1.2406947890818858,0.041429249762583095,0.020756172839506173,0.008256172839506172
2008_001872,train,0.4638354700854701,dog,500,312,1.6025641025641026,0.2660849952516619,0.13212250712250712,0.07358143399810066
2008_002177,val,0.3847697056030389,cat,500,260,1.9230769230769231,0.24351851851851852,0.043471035137701806,0.1113366571699905
2008_002294,val,0.34421296296296294,cat,500,375,1.3333333333333333,0.0633843779677113,0.27577160493827163,0.0
2008_002584,train,0.41721272554605887,dog,500,293,1.7064846416382253,0.16118233618233618,0.2621438746438746,0.0
2008_002697,val,0.1388235992402659,horse,500,375,1.3333333333333333,0.08824786324786325,0.016209639126305794,0.03722103513770181
2008_002749,train,0.33990978157644824,cat,500,334,1.4970059880239521,0.21617996201329534,0.06325973409306743,0.0492818138651472
2008_002993,train,0.09843898385565052,horse,500,375,1.3333333333333333,0.07347459639126305,0.009199905033238366,0.01784188034188034
2008_003297,train,0.062037037037037036,cow,500,375,1.3333333333333333,0.04187440645773979,0.010535375118708452,0.011704653371320038
2008_003347,val,0.1429783950617284,dog,500,382,1.3089005235602094,0.07438271604938272,0.047691120607787275,0.026982431149097815
2008_003380,train,0.002403846153846154,horse,500,333,1.5015015015015014,0.00194681861348528,0.0003027065527065527,0.0012345679012345679
2008_003447,val,0.14072293447293446,horse,500,405,1.2345679012345678,0.08376661918328585,0.016892212725546057,0.04807692307692308
2008_003562,train,0.13425332383665717,cat,500,291,1.7182130584192439,0.11036918328584995,0.024056267806267805,0.004006410256410256
2008_003852,val,0.04326923076923077,dog,500,375,1.3333333333333333,0.02872744539411206,0.00649335232668566,0.010826210826210826
2008_004265,train,0.40546652421652424,dog,400,300,1.3333333333333333,0.13298907882241215,0.1590693257359924,0.12470916429249762
2008_004450,train,0.010410731244064577,cow,500,375,1.3333333333333333,0.007716049382716049,0.001193019943019943,0.0022673314339981005
2008_004480,train,0.1402659069325736,dog,500,375,1.3333333333333333,0.045827397910731246,0.04716286799620133,0.050124643874643875
2008_004539,val,0.3058226495726496,horse,500,375,1.3333333333333333,0.21068376068376068,0.03495963912630579,0.05762701804368471
2008_004629,val,0.19681861348528015,sheep,400,300,1.3333333333333333,0.15222578347578347,0.014915716999050333,0.01670821462488129
2008_004827,train,0.011615622032288699,cow,500,375,1.3333333333333333,0.009075261158594491,0.00235636277302944,0.0013651471984805319
2008_004845,train,0.4103869895536562,dog,500,333,1.5015015015015014,0.1342948717948718,0.21914767331433999,0.055163817663817664
2008_004911,val,0.11061253561253562,horse,500,392,1.2755102040816326,0.05592948717948718,0.016286799620132953,0.04521604938271605
2008_005051,train,0.39233736942070274,dog,500,375,1.3333333333333333,0.16740265906932575,0.18349952516619183,0.04398148148148148
2008_005082,train,0.1913698955365622,dog,500,375,1.3333333333333333,0.0870607787274454,0.046064814814814815,0.06647079772079773
2008_005084,train,0.23089981006647672,dog,500,357,1.4005602240896358,0.16041073124406457,0.023171889838556507,0.04522792022792023
2008_005300,val,0.2402065527065527,cat,500,379,1.3192612137203166,0.1389245014245014,0.027724358974358973,0.06650047483380817
2008_005363,train,0.0862832383665717,dog,500,375,1.3333333333333333,0.0445809591642925,0.03327991452991453,0.012535612535612535
2008_005451,val,0.1444028964862298,dog,500,375,1.3333333333333333,0.028104226020892686,0.08587962962962963,0.03559472934472935
2008_005505,train,0.04188627730294397,sheep,500,202,2.4752475247524752,0.03304249762583096,0.006778252611585945,0.0033000949667616334
2008_005668,train,0.2100783475783476,horse,500,375,1.3333333333333333,0.14482431149097816,0.040699192782526115,0.03162393162393162
2008_005714,train,0.1110576923076923,cow,500,375,1.3333333333333333,0.08982075023741691,0.01938509021842355,0.005703941120607787
2008_005845,train,0.21583570750237416,dog,500,333,1.5015015015015014,0.09333452041785376,0.10835707502374169,0.018856837606837606
2008_005853,train,0.0928062678062678,cat,500,375,1.3333333333333333,0.010422602089268755,0.053139838556505226,0.03227089268755935
2008_005938,train,0.14913342830009496,sheep,500,330,1.5151515151515151,0.11140194681861348,0.016844729344729345,0.023118471035137703
2008_006067,train,0.07474477682811016,dog,500,375,1.3333333333333333,0.04981600189933523,0.02718423551756885,0.0
2008_006074,train,0.12761158594491928,dog,500,333,1.5015015015015014,0.0808048433048433,0.015473646723646723,0.03658594491927825
2008_006081,train,0.16441714150047484,cat,375,500,0.75,0.08250237416904084,0.014256885090218423,0.07352207977207977
2008_006335,train,0.30612535612535613,dog,500,402,1.243781094527363,0.16025047483380817,0.06486229819563152,0.0850664767331434
2008_006355,val,0.032579534662868,cow,500,375,1.3333333333333333,0.015242165242165243,0.010042735042735043,0.00811965811965812
2008_006386,train,0.18823599240265906,dog,375,500,0.75,0.034603513770180436,0.10059354226020893,0.051258309591642924
2008_006434,val,0.24993471035137702,horse,500,333,1.5015015015015014,0.08833689458689459,0.16699311490978158,0.0
2008_006717,val,0.15330009496676164,dog,331,500,0.662,0.07249525166191832,0.031066001899335234,0.03967830009496676
2008_006908,train,0.11645892687559355,dog,500,332,1.5060240963855422,0.0685303893637227,0.014571462488129155,0.03790954415954416
2008_006909,train,0.13568969610636278,horse,500,375,1.3333333333333333,0.04168447293447294,0.07194919278252612,0.025308641975308643
2008_007004,train,0.24224833808167143,horse,500,380,1.3157894736842106,0.18199192782526116,0.020079534662867996,0.04681861348528015
2008_007014,val,0.4038046058879392,cow,500,375,1.3333333333333333,0.20748456790123457,0.07709520417853752,0.10940764482431149
2008_007045,train,0.45543091168091165,dog,500,333,1.5015015015015014,0.2153252611585945,0.22790242165242167,0.01996082621082621
2008_007081,train,0.15887939221272554,dog,500,375,1.3333333333333333,0.08514363722697056,0.06892806267806267,0.010529439696106363
2008_007131,train,0.2722340930674264,dog,500,375,1.3333333333333333,0.1296474358974359,0.08365978157644824,0.05997150997150997
2008_007208,val,0.08110161443494777,dog,375,500,0.75,0.04868827160493827,0.03516144349477683,0.0
2008_007245,val,0.023729819563152895,sheep,500,400,1.25,0.01883903133903134,0.005585232668566002,0.0
2008_007424,train,0.3707858499525166,horse,500,333,1.5015015015015014,0.2574311490978158,0.11854226020892687,0.0
2008_007491,train,0.2525878442545109,dog,500,375,1.3333333333333333,0.19653964862298196,0.03592117758784426,0.026080246913580248
2008_007496,val,0.4433463912630579,cat,500,307,1.6286644951140066,0.12440052231718898,0.12996794871794873,0.18735161443494777
2008_007842,train,0.1251602564102564,cat,500,375,1.3333333333333333,0.08018755935422602,0.028478157644824312,0.020637464387464388
2008_008012,train,0.35881410256410257,horse,299,500,0.598,0.17513651471984806,0.06485042735042736,0.11841761633428301
2008_008031,train,0.10706908831908832,horse,500,375,1.3333333333333333,0.07447768281101615,0.014061016144349478,0.023842592592592592
2008_008132,train,0.4168269230769231,cow,474,500,0.948,0.2853691832858499,0.10410731244064578,0.03114909781576448
2008_008193,val,0.22860873694207026,horse,500,335,1.492537313432836,0.1553122032288699,0.027012108262108262,0.05481956315289649
2008_008356,train,0.06972340930674265,horse,500,343,1.4577259475218658,0.060838081671415,0.006101614434947768,0.01023860398860399
2008_008370,train,0.01129510921177588,cow,375,500,0.75,0.008428300094966762,0.0021842355175688507,0.002255460588793922
2008_008428,val,0.3265906932573599,cow,481,500,0.962,0.17752849002849003,0.10111585944919278,0.05538936372269706
2008_008476,train,0.056309354226020895,horse,500,326,1.5337423312883436,0.04382122507122507,0.005306267806267806,0.009929962013295346
2008_008482,train,0.0036087369420702755,cow,500,375,1.3333333333333333,,,
2008_008521,train,0.06275522317188983,cow,500,375,1.3333333333333333,0.05236823361823362,0.012856125356125356,0.0
2008_008533,train,0.32657288698955367,horse,500,376,1.3297872340425532,0.18096509971509972,0.10319325735992403,0.04837962962962963
2008_008541,train,0.22535612535612537,cow,375,500,0.75,0.062832383665717,0.14042616334283,0.031914767331433995
2008_008623,train,0.36923670465337133,sheep,500,375,1.3333333333333333,0.3083036562203229,0.024050332383665718,0.03770180436847104
2008_008654,train,0.25422602089268753,cow,375,500,0.75,0.19477089268755934,0.03670465337132004,0.02637108262108262
2008_008665,train,0.4332858499525166,sheep,500,375,1.3333333333333333,0.3469729344729345,0.07685778727445394,0.01248812915479582
2008_008666,train,0.03756528964862298,sheep,500,382,1.3089005235602094,0.025148385565052233,0.006350902184235518,0.007662630579297246
2009_000100,train,0.1997685185185185,horse,333,500,0.666,0.1089031339031339,0.02864434947768281,0.0666488603988604
2009_000250,train,0.23735754985754987,cow,500,333,1.5015015015015014,0.174667616334283,0.033457977207977205,0.037446581196581195
2009_000268,train,0.11302825261158594,horse,375,500,0.75,0.07993827160493827,0.009140550807217474,0.02684591642924976
2009_000289,val,0.04243233618233618,sheep,500,375,1.3333333333333333,0.036188271604938274,0.007027540360873694,0.0
2009_000438,train,0.3173195631528965,cat,500,375,1.3333333333333333,0.1971806742640076,0.1252136752136752,0.0
2009_000493,train,0.38144586894586896,cat,500,380,1.3157894736842106,0.21090337132003797,0.1716227445394112,0.0
2009_000553,train,0.1168091168091168,cat,500,333,1.5015015015015014,0.05716405508072175,0.02978988603988604,0.03360636277302944
2009_000576,train,0.4147792022792023,horse,500,333,1.5015015015015014,0.3056327160493827,0.1157644824311491,0.0
2009_000603,train,0.10220797720797721,horse,500,333,1.5015015015015014,0.06827516619183285,0.014155982905982906,0.010363247863247863
2009_000636,train,0.2909840930674264,dog,500,375,1.3333333333333333,0.033582621082621084,0.2440705128205128,0.017384852801519468
2009_000709,val,0.17302350427350427,cow,334,500,0.668,0.11502849002849003,0.04422483380816714,0.019919278252611586
2009_000793,train,0.07390788224121557,horse,500,376,1.3297872340425532,0.054801756885090216,0.00689696106362773,0.015248100664767332
2009_000869,train,0.08918566001899335,dog,500,375,1.3333333333333333,0.058012820512820515,0.019948955365622034,0.012102326685660018
2009_000899,train,0.16568732193732194,cow,375,500,0.75,0.11298670465337132,0.04000474833808167,0.01824548907882241
2009_001036,train,0.16794871794871793,horse,500,357,1.4005602240896358,0.11723053181386514,0.016257122507122506,0.03933404558404558
2009_001079,val,0.23552943969610637,cow,500,375,1.3333333333333333,0.15716999050332384,0.05141263057929724,0.018868708452041784
2009_001145,val,0.18214624881291547,cow,500,333,1.5015015015015014,0.13300688509021844,0.021492165242165243,0.03295940170940171
2009_001172,val,0.3278074548907882,sheep,500,500,1.0,0.18456196581196582,0.05989434947768281,0.07999762583095917
2009_001180,train,0.49428418803418805,horse,336,500,0.672,0.02460826210826211,0.4700083095916429,0.0
2009_001203,train,0.18835470085470085,sheep,500,335,1.492537313432836,0.11141975308641976,0.020162630579297246,0.0581849477682811
2009_001323,train,0.03596272554605888,horse,500,375,1.3333333333333333,0.026934947768281103,0.006315289648622982,0.0036384140550807216
2009_001537,train,0.027979582146248815,sheep,500,375,1.3333333333333333,0.019230769230769232,0.0030092592592592593,0.006107549857549858
2009_001664,train,0.20207146248812916,horse,500,339,1.4749262536873156,0.06483262108262108,0.0,0.1478929249762583
2009_001798,train,0.08212250712250713,cow,500,375,1.3333333333333333,0.05815527065527065,0.008268043684710352,0.0202991452991453
2009_001837,train,0.3244954890788224,horse,500,398,1.256281407035176,0.2150878442545109,0.030347815764482432,0.07913105413105413
2009_001959,train,0.20261158594491926,sheep,500,375,1.3333333333333333,0.1802587844254511,0.02330840455840456,0.0
2009_002133,val,0.10361467236467237,sheep,500,333,1.5015015015015014,0.08126187084520418,0.008796296296296297,0.0
2009_002151,train,0.4478810541310541,horse,400,500,0.8,0.32747507122507125,0.1258368945868946,0.0
2009_002176,val,0.39238485280151947,cat,375,500,0.75,0.00405982905982906,0.3887286324786325,0.0
2009_002193,train,0.36624525166191835,dog,400,494,0.8097165991902834,0.10534188034188034,0.1441239316239316,0.1119480056980057
2009_002229,val,0.3311016144349478,cow,448,299,1.4983277591973243,0.240758547008547,0.06364553656220323,0.03836063627730294
2009_002245,val,0.3745311016144349,sheep,500,333,1.5015015015015014,0.14901471984805317,0.23160018993352327,0.0
2009_002324,val,0.10845204178537513,dog,500,358,1.3966480446927374,0.06599596391263057,0.01572886989553656,0.02533831908831909
2009_002339,train,0.4699608262108262,horse,500,375,1.3333333333333333,0.3961894586894587,0.0751127730294397,0.0
2009_002472,val,0.46876187084520415,cow,500,339,1.4749262536873156,0.22838912630579297,0.2489019468186135,0.0
2009_002697,train,0.24106718898385565,horse,500,320,1.5625,0.15803656220322887,0.03158831908831909,0.04839150047483381
2009_002901,train,0.13476377018043684,cow,500,365,1.36986301369863,0.09049145299145299,0.01869064577397911,0.025914055080721747
2009_002957,train,0.33891263057929727,horse,500,375,1.3333333333333333,0.254255698005698,0.02817545109211776,0.06030389363722697
2009_003056,val,0.3775047483380817,cat,331,240,1.3791666666666667,0.14117402659069325,0.14836182336182335,0.09731125356125356
2009_003218,train,0.018471035137701805,cow,500,500,1.0,0.014678300094966762,0.001851851851851852,0.0035375118708452042
2009_003232,val,0.28624169040835706,horse,319,480,0.6645833333333333,0.11137226970560304,0.17440052231718897,0.0
2009_003249,train,0.10726495726495726,sheep,500,375,1.3333333333333333,0.08366571699905033,0.011253561253561254,0.0
2009_003455,val,0.1169278252611586,cow,326,500,0.652,,,
2009_003510,val,0.41463081671415003,cow,441,500,0.882,0.2481303418803419,0.07692901234567902,0.10018993352326686
2009_003533,val,0.23714387464387465,horse,500,400,1.25,0.1652006172839506,0.021462488129154796,0.05429724596391263
2009_003572,val,0.08564221272554606,horse,500,332,1.5060240963855422,0.05172720797720798,0.009900284900284901,0.029368471035137702
2009_003634,train,0.09525166191832858,cow,500,375,1.3333333333333333,0.07902421652421653,0.01721272554605888,0.004499050332383666
2009_003735,train,0.034722222222222224,dog,500,334,1.4970059880239521,0.01559235517568851,0.010179249762583095,0.01071343779677113
2009_003808,val,0.0065289648622981955,cow,500,375,1.3333333333333333,0.0044218898385565055,0.001590693257359924,0.0017153371320037987
2009_003913,train,0.37178893637226973,dog,500,333,1.5015015015015014,0.11977089268755936,0.12111229819563153,0.0698005698005698
2009_003933,val,0.4325320512820513,cow,362,500,0.724,0.02653727445394112,0.407911918328585,0.005229107312440646
2009_004058,train,0.16403133903133904,horse,500,375,1.3333333333333333,0.1142153371320038,0.019034900284900284,0.03150522317188984
2009_004183,train,0.4365087844254511,cat,500,310,1.6129032258064515,0.33294159544159546,0.11213793922127255,0.0
2009_004186,train,0.2786087369420703,cow,500,375,1.3333333333333333,0.21662511870845205,0.023237179487179488,0.04526353276353277
2009_004234,train,0.13442545109211776,cat,500,333,1.5015015015015014,0.07349240265906933,0.02574192782526116,0.04210588793922127
2009_004316,train,0.04951329534662868,cow,500,375,1.3333333333333333,0.0399335232668566,0.0034781576448243115,0.007698243114909782
2009_004358,train,0.44052706552706555,cat,500,375,1.3333333333333333,0.32905982905982906,0.10467711301044634,0.013698955365622031
2009_004454,train,0.07509496676163342,horse,500,350,1.4285714285714286,0.054439696106362775,0.009449192782526115,0.016037511870845206
2009_004598,train,0.4096806742640076,cat,500,375,1.3333333333333333,0.230585232668566,0.12142094017094017,0.06651828110161444
2009_004705,train,0.4906991927825261,cat,500,333,1.5015015015015014,0.24028964862298197,0.2564577397910731,0.0
2009_004790,train,0.3737891737891738,horse,485,500,0.97,0.14499050332383664,0.11953941120607788,0.08129154795821462
2009_004805,val,0.07016856600189933,sheep,500,375,1.3333333333333333,0.057116571699905035,0.012215099715099716,0.0
2009_004815,train,0.37946937321937324,horse,333,500,0.666,0.22429962013295346,0.10568613485280152,0.057395536562203225
2009_004907,val,0.00648741690408357,dog,500,332,1.5060240963855422,0.004617758784425451,0.0003027065527065527,0.002807454890788224
2009_004945,val,0.34050925925925923,sheep,500,427,1.17096018735363,0.2584045584045584,0.02938034188034188,0.0
2009_005000,train,0.4616096866096866,horse,333,500,0.666,0.11293922127255461,0.3554724596391263,0.0
2009_005037,train,0.07515432098765432,cat,500,331,1.5105740181268883,0.05202397910731244,0.015966286799620134,0.012624643874643874
2009_005051,train,0.3718898385565052,cat,500,355,1.408450704225352,0.16429843304843306,0.17153371320037986,0.04235517568850902
2009_005130,val,0.371076685660019,horse,500,375,1.3333333333333333,0.26258309591642925,0.11260090218423552,0.0
2009_005307,train,0.17824074074074073,cow,500,333,1.5015015015015014,0.1478988603988604,0.034283000949667616,0.0
2010_000002,train,0.2684413580246914,sheep,500,430,1.1627906976744187,0.16471984805318138,0.05351377018043685,0.0
2010_000014,train,0.41512345679012347,dog,500,375,1.3333333333333333,0.16840574548907883,0.18603988603988603,0.06359211775878443
2010_000067,train,0.027866809116809117,cat,375,500,0.75,0.013425925925925926,0.012630579297245963,0.0037155745489078824
2010_000071,val,0.10153727445394112,horse,333,500,0.666,0.04035493827160494,0.05181623931623932,0.012867996201329534
2010_000117,val,0.025261158594491927,sheep,500,333,1.5015015015015014,0.02126068376068376,0.00422602089268756,0.0
2010_000189,train,0.25992402659069325,sheep,469,500,0.938,0.21106362773029438,0.03327991452991453,0.0
2010_000190,val,0.1149869420702754,sheep,500,321,1.557632398753894,0.0925332383665717,0.00471272554605888,0.0
2010_000388,train,0.1825735992402659,horse,500,375,1.3333333333333333,0.11296296296296296,0.02489316239316239,0.03995132953466287
2010_000404,train,0.4478276353276353,cat,332,500,0.664,0.29261039886039886,0.09015906932573599,0.07569444444444444
2010_000465,train,0.02231718898385565,cow,500,244,2.0491803278688523,0.018637226970560306,0.0,0.005252849002849003
2010_000498,train,0.17381885090218424,cow,500,405,1.2345679012345678,0.11777065527065526,0.02889363722697056,0.032894112060778725
2010_000613,train,0.15002374169040836,horse,500,375,1.3333333333333333,0.10595322886989554,0.018049620132953467,0.032407407407407406
2010_000616,train,0.1751602564102564,cat,500,375,1.3333333333333333,0.1427053656220323,0.028359449192782524,0.0054902659069325736
2010_000641,train,0.2778668091168091,sheep,500,375,1.3333333333333333,0.23954178537511872,0.03192663817663818,0.0
2010_000675,val,0.48752967711301043,cat,346,500,0.692,0.2915954415954416,0.12786680911680912,0.060523504273504274
2010_000799,train,0.48022317188983854,cat,500,375,1.3333333333333333,0.2652540360873694,0.0803656220322887,0.12199074074074075
2010_000808,val,0.061384140550807216,cow,500,375,1.3333333333333333,0.0407110636277303,0.012321937321937322,0.012226970560303894
2010_000838,val,0.41403133903133904,horse,500,455,1.098901098901099,0.22329653371320038,0.10765075973409306,0.08679962013295346
2010_000862,val,0.19343542260208926,dog,500,375,1.3333333333333333,0.11895180436847104,0.025712250712250712,0.0543684710351377
2010_000914,train,0.2704712725546059,cat,375,500,0.75,0.06660731244064577,0.04808285849952516,0.15189339981006647
2010_001100,train,0.43768993352326685,cat,500,375,1.3333333333333333,0.3390372744539411,0.10408357075023741,0.0
2010_001175,train,0.48967830009496677,sheep,500,479,1.0438413361169103,0.2622210351377018,0.2332383665716999,0.0
2010_001193,train,0.18709045584045583,cat,500,375,1.3333333333333333,0.058736942070275404,0.10724121557454891,0.02629985754985755
2010_001211,train,0.03688865147198481,dog,500,375,1.3333333333333333,0.0,0.033624169040835705,0.0070572174738841404
2010_001225,train,0.23720916429249764,horse,500,360,1.3888888888888888,0.05610754985754986,0.09129867046533713,0.0774275878442545
2010_001317,train,0.1935303893637227,cow,500,371,1.3477088948787062,0.09755460588793922,0.06745014245014246,0.03567782526115859
2010_001422,train,0.08751780626780627,dog,500,376,1.3297872340425532,0.06409069325735993,0.024323361823361825,0.0018577872744539412
2010_001465,train,0.43569563152896484,cat,500,375,1.3333333333333333,0.1869539411206078,0.1746082621082621,0.08425332383665717
2010_001499,train,0.2797720797720798,cat,500,375,1.3333333333333333,0.18773741690408358,0.09742402659069326,0.0
2010_001503,train,0.1999940645773979,horse,375,500,0.75,0.03999881291547958,0.16207858499525166,0.0
2010_001602,train,0.11848290598290598,cat,500,375,1.3333333333333333,0.06823361823361823,0.02359330484330484,0.028804605887939223
2010_001694,train,0.07096984805318139,cow,500,358,1.3966480446927374,0.03190883190883191,0.026329534662867995,0.017628205128205128
2010_001700,val,0.21162749287749288,cat,375,500,0.75,0.13049026590693258,0.03885921177587844,0.04722222222222222
2010_001797,train,0.08048433048433049,horse,500,375,1.3333333333333333,0.06136039886039886,0.004837369420702754,0.016690408357075023
2010_001944,train,0.2611585944919278,dog,500,375,1.3333333333333333,0.12564102564102564,0.12352801519468186,0.017378917378917377
2010_002020,train,0.4885505698005698,dog,375,500,0.75,0.24289529914529914,0.18084045584045583,0.07428774928774928
2010_002047,train,0.1261574074074074,cow,375,500,0.75,0.09163698955365622,0.018061490978157645,0.021325973409306743
2010_002177,val,0.3357965337132004,cat,437,500,0.874,0.09526353276353276,0.16591286799620134,0.07644824311490978
2010_002320,train,0.11471984805318139,cow,500,418,1.1961722488038278,0.07364672364672364,0.020904558404558404,0.024964387464387464
2010_002378,train,0.20246320037986704,sheep,375,500,0.75,0.14860517568850903,0.03746438746438747,0.0
2010_002459,train,0.13896011396011396,horse,500,375,1.3333333333333333,0.08288224121557455,0.02451923076923077,0.03584401709401709
2010_002551,train,0.4519468186134853,dog,500,375,1.3333333333333333,0.0,0.45600664767331434,0.0
2010_002589,train,0.34278846153846154,dog,500,375,1.3333333333333333,0.19871201329534663,0.09399928774928774,0.05803062678062678
2010_002594,train,0.36650641025641023,cat,500,375,1.3333333333333333,0.2324667616334283,0.056635802469135806,0.08377255460588794
2010_002615,val,0.14798789173789173,horse,375,500,0.75,0.07613960113960114,0.04186253561253561,0.03201566951566952
2010_002626,val,0.3438746438746439,cat,500,375,1.3333333333333333,0.14746557454890788,0.04797602089268756,0.1590099715099715
2010_002662,val,0.06229226020892688,cat,500,470,1.0638297872340425,0.039963200379867045,0.018393874643874646,0.006196581196581196
2010_002750,train,0.0018933998100664768,sheep,500,333,1.5015015015015014,0.00194681861348528,0.00031457739791073124,0.0
2010_002805,train,0.3373397435897436,dog,500,375,1.3333333333333333,0.1383843779677113,0.14023029439696105,0.06489197530864198
2010_002834,train,0.36263057929724596,cow,350,500,0.7,0.1702932098765432,0.08769586894586895,0.11662511870845205
2010_003028,train,0.10674264007597341,sheep,500,375,1.3333333333333333,0.0633843779677113,0.014155982905982906,0.0
2010_003151,val,0.48406932573599243,cat,500,331,1.5105740181268883,0.34906813865147196,0.11415004748338081,0.02897079772079772
2010_003153,train,0.08538105413105414,sheep,500,375,1.3333333333333333,0.06472578347578348,0.010297958214624882,0.0
2010_003186,val,0.35959164292497625,dog,375,500,0.75,0.11678537511870846,0.17835944919278252,0.07275641025641026
2010_003192,val,0.17573599240265908,horse,500,375,1.3333333333333333,0.10000593542260208,0.04400522317188984,0.03617640075973409
2010_003197,train,0.19315645773979107,cat,500,375,1.3333333333333333,0.11054724596391263,0.014998812915479581,0.05293803418803419
2010_003252,train,0.007039411206077872,sheep,500,375,1.3333333333333333,0.0043922127255460585,0.0006054131054131054,0.0
2010_003345,val,0.0908179012345679,cow,500,333,1.5015015015015014,0.07402659069325736,0.008588556505223171,0.006849477682811016
2010_003372,train,0.45936609686609686,sheep,500,335,1.492537313432836,0.3303478157644824,0.136235754985755,0.0
2010_003391,train,0.21881528964862298,dog,500,333,1.5015015015015014,0.15388176638176637,0.014339981006647674,0.0590159069325736
2010_003406,train,0.042978395061728396,dog,500,375,1.3333333333333333,0.015509259259259259,0.016280864197530866,0.01347934472934473
2010_003491,train,0.03564221272554606,sheep,500,375,1.3333333333333333,0.02854938271604938,0.0043922127255460585,0.0
2010_003554,val,0.13349358974358974,dog,500,375,1.3333333333333333,0.059235517568850905,0.027095204178537512,0.05556149097815764
2010_003582,train,0.1398801044634378,dog,500,375,1.3333333333333333,0.05122863247863248,0.07487535612535613,0.019135802469135803
2010_003665,train,0.2849358974358974,cat,500,375,1.3333333333333333,0.18382597340930673,0.03177231718898386,0.07854938271604939
2010_003696,train,0.27361111111111114,cat,500,274,1.8248175182481752,0.020613722697056032,0.14094848053181386,0.11080840455840456
2010_003714,val,0.10998931623931624,horse,500,300,1.6666666666666667,0.07346866096866096,0.005626780626780627,0.03311372269705603
2010_003875,val,0.44249762583095914,cat,500,375,1.3333333333333333,0.27913105413105416,0.11606718898385565,0.05611942070275404
2010_003937,train,0.06894586894586895,cat,500,375,1.3333333333333333,0.04217711301044634,0.0163164767331434,0.009745963912630579
2010_003954,train,0.23233024691358026,sheep,500,319,1.567398119122257,0.19312678062678063,0.026578822412155746,0.0
2010_003987,train,0.3166963437796771,dog,500,375,1.3333333333333333,0.10847578347578347,0.11832264957264957,0.09816595441595441
2010_004030,val,0.00966286799620133,cow,500,375,1.3333333333333333,0.007858499525166191,0.0013295346628679962,0.001834045584045584
2010_004074,val,0.3993055555555556,sheep,500,375,1.3333333333333333,0.30019586894586897,0.0876068376068376,0.0
2010_004092,val,0.04859924026590693,horse,500,334,1.4970059880239521,0.03336894586894587,0.005567426400759734,0.013253798670465337
2010_004121,train,0.32697056030389365,dog,500,375,1.3333333333333333,0.23589150047483382,0.03539292497625831,0.0620548433048433
2010_004162,train,0.04844491927825261,dog,500,428,1.1682242990654206,0.04261039886039886,0.00657644824311491,0.0
2010_004204,val,0.007276828110161443,dog,500,323,1.5479876160990713,0.004273504273504274,0.0019290123456790122,0.002534425451092118
2010_004247,train,0.27203228869895535,horse,500,375,1.3333333333333333,0.16831671415004748,0.024899097815764482,0.04050925925925926
2010_004259,train,0.4883368945868946,sheep,500,375,1.3333333333333333,0.32378917378917377,0.06687440645773979,0.0
2010_004283,train,0.47082146248812917,cow,375,500,0.75,0.2220144824311491,0.2561906457739791,0.0
2010_004301,val,0.07608618233618233,cat,500,376,1.3297872340425532,0.04005816714150048,0.03579653371320038,0.002457264957264957
2010_004311,val,0.18490622032288698,dog,500,375,1.3333333333333333,0.12853157644824312,0.025124643874643873,0.03249643874643875
2010_004366,train,0.2746320037986705,dog,500,375,1.3333333333333333,0.14968542260208928,0.0439696106362773,0.08820037986704653
2010_004445,val,0.37821106362773027,dog,500,333,1.5015015015015014,0.1490087844254511,0.13094135802469137,0.10725308641975309
2010_004477,train,0.024839743589743588,horse,500,375,1.3333333333333333,0.01755104463437797,0.006404320987654321,0.002831196581196581
2010_004501,train,0.4165895061728395,cat,500,395,1.2658227848101267,0.13963675213675214,0.15845797720797722,0.12784900284900286
2010_004514,train,0.48398622981956313,sheep,500,334,1.4970059880239521,0.36064814814814816,0.11091524216524216,0.0
2010_004540,val,0.07095797720797721,cat,500,333,1.5015015015015014,0.008357075023741691,0.04306742640075974,0.02353988603988604
2010_004598,train,0.02410968660968661,cow,500,375,1.3333333333333333,0.016844729344729345,0.005709876543209876,0.003964862298195632
2010_004676,train,0.4670049857549858,cat,500,500,1.0,0.09521604938271605,0.3780923551756885,0.0
2010_004694,train,0.2643281101614435,sheep,375,500,0.75,0.1472934472934473,0.06353869895536562,0.0
2010_004913,val,0.0007656695156695156,horse,500,378,1.3227513227513228,0.0007181861348528016,9.49667616334283e-05,0.00040360873694207026
2010_004970,val,0.05081908831908832,dog,500,375,1.3333333333333333,0.034609449192782527,0.009775641025641026,0.008184947768281102
2010_005072,train,0.022275641025641026,cat,500,375,1.3333333333333333,0.015028490028490028,0.008505460588793923,0.0
2010_005149,train,0.3901709401709402,dog,375,500,0.75,0.1374465811965812,0.15146604938271604,0.11121201329534663
2010_005229,val,0.33055555555555555,dog,293,400,0.7325,0.10419040835707502,0.1694681861348528,0.06617402659069326
2010_005260,train,0.14121557454890787,sheep,500,335,1.492537313432836,0.12645417853751187,0.01873812915479582,0.0
2010_005468,train,0.08633072174738841,cow,500,333,1.5015015015015014,0.06399572649572649,0.0152659069325736,0.012434710351377018
2010_005492,val,0.38713793922127254,cat,500,415,1.2048192771084338,0.209906220322887,0.0782110636277303,0.108511396011396
2010_005505,train,0.27096984805318136,cat,500,375,1.3333333333333333,0.09507359924026591,0.06596628679962013,0.11601377018043685
2010_005595,train,0.03747032288698955,horse,375,500,0.75,0.025142450142450142,0.00519349477682811,0.011882716049382716
2010_005601,val,0.39328110161443497,sheep,500,376,1.3297872340425532,0.3418625356125356,0.057193732193732194,0.0
2010_005652,train,0.12708926875593543,cat,333,500,0.666,0.06841168091168091,0.03043684710351377,0.03319681861348528
2010_005668,val,0.42540360873694205,cow,500,412,1.2135922330097086,0.24989909781576447,0.12730294396961064,0.05912867996201329
2010_005753,val,0.1996794871794872,dog,333,500,0.666,0.08399216524216524,0.07160493827160494,0.04926400759734093
2010_005796,train,0.24179724596391264,cat,377,500,0.754,0.19018281101614434,0.04879510921177588,0.005419040835707502
2010_005807,val,0.4533357075023742,dog,500,467,1.0706638115631693,0.33499525166191835,0.10743114909781576,0.0
2010_005820,val,0.014025403608736942,sheep,500,297,1.6835016835016836,0.012440645773979107,0.0014423076923076924,0.0
2010_005919,val,0.2643340455840456,horse,404,500,0.808,0.1733440170940171,0.03173076923076923,0.06993114909781577
2010_005935,train,0.23225902184235517,cat,500,358,1.3966480446927374,0.12829415954415954,0.08690052231718898,0.022050094966761632
2008_000073,train,0.07256054131054131,cow,500,351,1.4245014245014245,0.05352564102564102,0.015123456790123457,0.006801994301994302
2008_000076,train,0.3183048433048433,horse,500,333,1.5015015015015014,0.18677587844254512,0.13830721747388414,0.0
2008_000084,train,0.030068850902184235,sheep,500,370,1.3513513513513513,0.02711894586894587,0.0044218898385565055,0.0
2008_000119,train,0.3221094491927825,horse,264,499,0.5290581162324649,0.11396604938271605,0.13195037986704652,0.056582383665717
2008_000345,val,0.22357549857549858,cat,500,347,1.440922190201729,0.18018755935422603,0.043043684710351374,0.004926400759734093
2008_000358,train,0.25440408357075023,cat,500,310,1.6129032258064515,0.10855887939221273,0.05787037037037037,0.09246794871794872
2008_000581,val,0.2357312440645774,cat,375,500,0.75,0.10754985754985755,0.07808048433048433,0.015123456790123457
2008_000602,val,0.33553537511870846,horse,325,500,0.65,0.08326804368471036,0.24025403608736942,0.0
2008_000765,val,0.10135327635327636,horse,374,500,0.748,0.04747150997150997,0.05778133903133903,0.0
2008_000853,train,0.018316714150047483,cat,375,500,0.75,0.010173314339981006,0.006463675213675213,0.0038164767331434
2008_000919,train,0.41302825261158593,cow,500,375,1.3333333333333333,0.361170465337132,0.0,0.05604819563152896
2008_001379,val,0.17244776828110162,dog,500,375,1.3333333333333333,0.054920465337132005,0.09644468186134852,0.02597340930674264
2008_001682,train,0.06231006647673314,horse,500,375,1.3333333333333333,0.04706196581196581,0.004896723646723646,0.011858974358974358
2008_001934,val,0.18757122507122506,horse,182,250,0.728,0.10118114909781577,0.03554724596391263,0.06311728395061729
2008_002509,train,0.19013532763532764,horse,434,300,1.4466666666666668,0.07470916429249763,0.10324667616334283,0.01517687559354226
2008_002709,train,0.011651234567901235,cow,500,332,1.5060240963855422,0.009514482431149099,0.0015194681861348527,0.0017153371320037987
2008_002778,train,0.18012226970560305,cow,500,375,1.3333333333333333,0.10860042735042735,0.025765669515669515,0.03815289648622982
2008_002806,train,0.08256766381766381,horse,500,375,1.3333333333333333,0.06094491927825261,0.005098528015194682,0.021456552706552705
2008_002899,train,0.46129510921177586,cat,500,281,1.7793594306049823,0.2983618233618234,0.09156576448243114,0.08197412155745488
2008_003167,train,0.19255698005698005,cat,500,400,1.25,0.007799145299145299,0.13958926875593541,0.04693138651471985
2008_003326,train,0.3399216524216524,horse,375,500,0.75,0.0982253086419753,0.2481303418803419,0.0
2008_003718,train,0.2154855175688509,dog,500,375,1.3333333333333333,0.09940052231718899,0.06810303893637228,0.054148860398860396
2008_003782,train,0.170411918328585,horse,500,375,1.3333333333333333,0.11783594491927825,0.017545109211775878,0.03901353276353276
2008_003932,val,0.28023504273504274,cat,500,375,1.3333333333333333,0.1938687084520418,0.06523029439696107,0.020560303893637225
2008_004007,val,0.4566298670465337,sheep,500,375,1.3333333333333333,0.2078050807217474,0.2305971035137702,0.015117521367521368
2008_004121,train,0.3172602089268756,dog,500,333,1.5015015015015014,0.1636514719848053,0.07684591642924976,0.07838319088319089
2008_004175,train,0.05539529914529914,horse,500,151,3.3112582781456954,0.04791666666666667,0.006137226970560304,0.00592355175688509
2008_004374,val,0.07143874643874644,cat,500,332,1.5060240963855422,0.04879510921177588,0.012037037037037037,0.012399097815764483
2008_004394,train,0.4410375118708452,cow,500,375,1.3333333333333333,0.13065645773979107,0.3053062678062678,0.015111585944919279
2008_004396,train,0.3124406457739791,horse,375,500,0.75,0.07879273504273504,0.24022435897435898,0.0
2008_004621,train,0.16904677113010447,sheep,500,375,1.3333333333333333,0.11839387464387464,0.03179012345679012,0.02045346628679962
2008_004624,val,0.1122210351377018,horse,500,354,1.4124293785310735,0.08181980056980057,0.008339268755935422,0.028116096866096865
2008_004705,val,0.3390372744539411,horse,333,500,0.666,0.14620726495726497,0.19721628679962014,0.0
2008_004760,train,0.39866452991452994,dog,500,375,1.3333333333333333,0.03002730294396961,0.22564696106362772,0.10742521367521368
2008_004873,train,0.3495014245014245,cat,500,375,1.3333333333333333,0.17313627730294398,0.14290716999050332,0.028395061728395062
2008_004975,val,0.45302113010446343,dog,500,333,1.5015015015015014,0.015242165242165243,0.33388532763532763,0.04196343779677113
2008_004986,train,0.1343364197530864,dog,500,375,1.3333333333333333,0.06902896486229819,0.05771011396011396,0.012476258309591643
2008_005105,train,0.2490562678062678,cow,500,375,1.3333333333333333,0.1764957264957265,0.03202160493827161,0.04504392212725546
2008_005309,train,0.38414648622981956,cat,500,375,1.3333333333333333,0.11178774928774929,0.27440645773979105,0.0
2008_005327,train,0.3617580721747388,horse,500,375,1.3333333333333333,0.2527124881291548,0.0840218423551757,0.0327457264957265
2008_005346,train,0.47662630579297244,dog,500,375,1.3333333333333333,0.1987238841405508,0.28421177587844254,0.0
2008_005406,train,0.04560185185185185,dog,500,331,1.5105740181268883,0.02143874643874644,0.012321937321937322,0.014838556505223172
2008_005460,val,0.38962488129154793,cat,500,375,1.3333333333333333,0.13614672364672364,0.1993827160493827,0.04937084520417854
2008_005525,train,0.12389601139601139,horse,500,375,1.3333333333333333,0.018548195631528964,0.08557692307692308,0.021788936372269706
2008_005550,train,0.13650878442545109,cat,500,375,1.3333333333333333,0.053941120607787274,0.03001543209876543,0.04973884140550807
2008_005633,train,0.22945156695156696,sheep,500,341,1.466275659824047,0.1460707502374169,0.028044871794871796,0.05799501424501424
2008_005642,val,0.13844373219373218,horse,500,375,1.3333333333333333,0.08374881291547959,0.020168566001899334,0.040865384615384616
2008_005691,train,0.29577991452991453,horse,480,360,1.3333333333333333,0.19842117758784425,0.03747032288698955,0.060974596391263056
2008_005898,train,0.322406220322887,dog,500,375,1.3333333333333333,0.06080246913580247,0.26632834757834756,0.0
2008_006007,train,0.289494301994302,dog,500,332,1.5060240963855422,0.0985576923076923,0.11597815764482432,0.08549382716049382
2008_006036,val,0.02329653371320038,horse,375,500,0.75,0.02021011396011396,0.002166429249762583,0.002451329534662868
2008_006130,val,0.28963081671415003,dog,500,333,1.5015015015015014,0.12673314339981007,0.1322946343779677,0.03913224121557455
2008_006325,train,0.3678596866096866,cat,500,476,1.050420168067227,0.22082739791073125,0.09277659069325736,0.062232905982905984
2008_006452,val,0.471076685660019,dog,500,333,1.5015015015015014,0.054878917378917376,0.41208452041785376,0.009300807217473884
2008_006477,train,0.3300866571699905,sheep,500,399,1.2531328320802004,0.21663698955365623,0.07847815764482431,0.014666429249762584
2008_006528,val,0.1277184235517569,cow,500,375,1.3333333333333333,0.06470204178537511,0.04245607787274454,0.023516144349477682
2008_006568,train,0.4849596391263058,dog,261,500,0.522,0.1702457264957265,0.13884734093067427,0.15749050332383666
2008_006576,train,0.23520299145299145,cat,375,500,0.75,0.18951210826210826,0.044284188034188036,0.006801994301994302
2008_006656,train,0.4846747388414055,cat,500,375,1.3333333333333333,0.13480531813865146,0.07796771130104463,0.23862179487179488
2008_006797,train,0.1017746913580247,horse,500,375,1.3333333333333333,0.07413936372269705,0.011069563152896486,0.021035137701804367
2008_007031,train,0.13045465337132003,cow,500,375,1.3333333333333333,0.09856956315289649,0.015515194681861348,0.02094610636277303
2008_007123,train,0.08747625830959165,cow,500,375,1.3333333333333333,0.0674738841405508,0.010968660968660969,0.012921415004748337
2008_007164,train,0.04221272554605888,cat,500,338,1.4792899408284024,0.018696581196581196,0.012535612535612535,0.012589031339031338
2008_007327,val,0.33579059829059826,cat,375,500,0.75,0.060048670465337135,0.17597934472934473,0.10476614434947769
2008_007358,train,0.15042735042735042,dog,375,500,0.75,0.0740622032288699,0.042313627730294394,0.04090693257359924
2008_007497,val,0.032205603038936374,sheep,500,375,1.3333333333333333,0.021646486229819562,0.006647673314339981,0.005009496676163343
2008_007596,val,0.03339862298195632,cow,500,333,1.5015015015015014,0.02817545109211776,0.0038817663817663816,0.0032763532763532763
2008_007735,val,0.27748100664767333,dog,500,375,1.3333333333333333,0.13680555555555557,0.07946937321937322,0.06006054131054131
2008_007814,train,0.20783475783475783,sheep,500,375,1.3333333333333333,0.10100902184235518,0.08287630579297246,0.029599952516619184
2008_007816,train,0.3452457264957265,horse,500,500,1.0,0.17247744539411206,0.1773741690408357,0.0
2008_007855,train,0.44824905033238366,cat,500,454,1.1013215859030836,0.10758547008547009,0.2962725546058879,0.05135921177587844
2008_007871,train,0.0125,dog,500,337,1.4836795252225519,0.007015669515669515,0.0030151946818613483,0.0037927350427350427
2008_007888,val,0.42862654320987653,cat,500,325,1.5384615384615385,0.17835351377018044,0.1798611111111111,0.07905389363722697
2008_008052,train,0.48276946818613486,horse,500,354,1.4124293785310735,0.36993114909781577,0.11856600189933524,0.0
2008_008109,val,0.023005698005698006,sheep,375,500,0.75,0.018767806267806268,0.0015966286799620132,0.0037155745489078824
2008_008279,train,0.4435303893637227,horse,500,500,1.0,0.39082383665716997,0.05729463437796771,0.0
2008_008296,train,0.01168684710351377,horse,500,375,1.3333333333333333,0.00845204178537512,0.001477920227920228,0.003116096866096866
2008_008318,val,0.3692604463437797,horse,500,393,1.272264631043257,0.09518043684710352,0.27679249762583097,0.0
2008_008392,train,0.12501187084520418,horse,500,375,1.3333333333333333,0.08994539411206078,0.016447056030389363,0.02442426400759734
2008_008421,train,0.43945868945868943,horse,333,500,0.666,0.1264957264957265,0.31833452041785376,0.0
2008_008636,train,0.2137108262108262,dog,500,416,1.2019230769230769,0.13305436847103513,0.024459876543209875,0.0626068376068376
2008_008713,train,0.009989316239316239,cow,500,333,1.5015015015015014,0.007834757834757835,0.0036977682811016144,0.0
2009_000012,val,0.15677825261158596,horse,418,292,1.4315068493150684,0.11570512820512821,0.016607312440645772,0.028519705603038938
2009_000039,train,0.08889482431149098,sheep,500,333,1.5015015015015014,0.06334876543209876,0.020726495726495726,0.005282526115859449
2009_000068,train,0.2550747863247863,horse,384,500,0.768,0.14889601139601139,0.0404320987654321,0.07084520417853751
2009_000080,val,0.11870845204178537,cat,500,375,1.3333333333333333,0.08867521367521368,0.01437559354226021,0.017254273504273505
2009_000312,train,0.19025403608736943,horse,500,375,1.3333333333333333,0.10743114909781576,0.07584876543209877,0.012048907882241215
2009_000472,train,0.21287986704653372,cow,281,500,0.562,0.20516975308641974,0.012630579297245963,0.0
2009_000512,train,0.3372388414055081,dog,500,333,1.5015015015015014,0.06648860398860398,0.25286680911680914,0.027326685660018994
2009_000705,train,0.053009259259259256,horse,500,375,1.3333333333333333,0.038544634377967714,0.004285375118708452,0.014185660018993353
2009_000716,val,0.32579534662868,cat,500,375,1.3333333333333333,0.21693969610636277,0.07009734093067427,0.038176638176638175
2009_000823,train,0.28703703703703703,horse,500,340,1.4705882352941178,0.06123575498575499,0.23231244064577397,0.0
2009_000837,train,0.21486229819563152,sheep,500,375,1.3333333333333333,0.12154558404558405,0.028537511870845203,0.06346747388414055
2009_000924,train,0.20795940170940172,sheep,500,375,1.3333333333333333,0.13031220322886988,0.030508072174738842,0.04775641025641025
2009_000964,train,0.06409662867996202,cat,500,374,1.3368983957219251,0.04139363722697056,0.01396011396011396,0.010048670465337133
2009_000971,train,0.060731244064577396,cow,500,333,1.5015015015015014,0.05542497625830959,0.005674264007597341,0.0023979107312440645
2009_000989,train,0.012565289648622982,dog,500,375,1.3333333333333333,0.008238366571699905,0.004754273504273504,0.0
2009_001055,val,0.12633547008547008,horse,500,394,1.2690355329949239,0.09644468186134852,0.009728157644824311,0.025451092117758783
2009_001066,val,0.10524097815764483,dog,500,375,1.3333333333333333,0.07614553656220323,0.024157169990503324,0.0
2009_001196,train,0.10660612535612536,horse,500,333,1.5015015015015014,0.07394349477682811,0.011639363722697057,0.023818850902184236
2009_001257,val,0.13237773029439695,cow,500,333,1.5015015015015014,0.07040004748338081,0.04032526115859449,0.028264482431149096
2009_001349,val,0.30574548907882243,sheep,500,375,1.3333333333333333,0.12490503323836658,0.18235992402659068,0.0
2009_001355,train,0.03455603038936372,horse,500,442,1.1312217194570136,0.028834283000949666,0.00576329534662868,0.0
2009_001361,val,0.32035256410256413,cat,500,293,1.7064846416382253,0.03900166191832859,0.09510327635327635,0.1955781101614435
2009_001367,val,0.22678062678062677,dog,500,375,1.3333333333333333,0.09985754985754985,0.04107312440645774,0.07493471035137701
2009_001484,train,0.4741690408357075,cat,500,333,1.5015015015015014,0.2980887939221273,0.1812559354226021,0.0
2009_001522,train,0.3274335232668566,cat,500,332,1.5060240963855422,0.16972934472934473,0.1647673314339981,0.0
2009_001535,train,0.37520180436847106,dog,500,334,1.4970059880239521,0.19080009496676165,0.12432336182336182,0.06695156695156695
2009_001594,train,0.005021367521367522,cow,500,333,1.5015015015015014,0.004095441595441595,0.0006588319088319088,0.001086182336182336
2009_001699,train,0.01965218423551757,sheep,500,285,1.7543859649122806,0.013277540360873695,0.002653133903133903,0.0060185185185185185
2009_001991,val,0.4107134377967711,sheep,500,500,1.0,0.25677231718898386,0.13359449192782527,0.0
2009_002002,train,0.1542082146248813,cow,500,396,1.2626262626262625,0.11426282051282051,0.01387701804368471,0.03090574548907882
2009_002008,train,0.3348943494776828,cat,500,375,1.3333333333333333,0.15681386514719847,0.042082146248812916,0.1460707502374169
2009_002035,train,0.06746794871794871,cow,500,375,1.3333333333333333,0.012161680911680912,0.05775759734093067,0.0
2009_002097,train,0.050949667616334286,horse,500,333,1.5015015015015014,0.037832383665717,0.00429724596391263,0.012286324786324786
2009_002150,train,0.30477207977207976,cow,500,375,1.3333333333333333,0.06778252611585944,0.1963615859449193,0.05220204178537512
2009_002231,train,0.2630401234567901,horse,484,500,0.968,0.2101198955365622,0.008161206077872744,0.048753561253561256
2009_002268,train,0.2961122981956315,cat,333,500,0.666,0.05160849952516619,0.248670465337132,0.0
2009_002420,train,0.05307454890788224,horse,500,333,1.5015015015015014,0.03831315289648623,0.006784188034188034,0.01193019943019943
2009_002518,train,0.48120845204178536,cow,500,272,1.838235294117647,0.3390194681861349,0.10500949667616334,0.048183760683760686
2009_002667,train,0.10110992402659069,cat,388,500,0.776,0.04165479582146249,0.03620014245014245,0.028834283000949666
2009_002684,train,0.30268874643874644,horse,333,500,0.666,0.0889957264957265,0.20186965811965812,0.018031813865147198
2009_002936,train,0.09420702754036088,cat,500,375,1.3333333333333333,0.051341405508072174,0.024044396961063627,0.024169040835707502
2009_002975,train,0.2544456315289649,horse,500,333,1.5015015015015014,0.14828466286799621,0.05136514719848053,0.04449786324786325
2009_003083,val,0.2767212725546059,horse,500,375,1.3333333333333333,0.2162037037037037,0.0445809591642925,0.014298433048433049
2009_003189,train,0.15030270655270656,cow,332,500,0.664,0.08610517568850902,0.035001187084520415,0.02749287749287749
2009_003297,train,0.17478632478632478,cow,500,334,1.4970059880239521,0.13179605887939222,0.017806267806267807,0.02978395061728395
2009_003305,train,0.0464565527065527,horse,500,333,1.5015015015015014,0.027581908831908832,0.016102801519468187,0.005935422602089269
2009_003457,train,0.0329653371320038,cat,375,500,0.75,0.0,0.03425925925925926,0.0
2009_003466,val,0.24831433998100666,dog,500,375,1.3333333333333333,0.14326329534662868,0.08082264957264958,0.028941120607787276
2009_003467,train,0.28300094966761635,dog,375,500,0.75,0.15366215574548908,0.08736348528015195,0.04530508072174739
2009_003509,train,0.003205128205128205,sheep,500,375,1.3333333333333333,0.003044871794871795,0.000551994301994302,0.0
2009_003528,train,0.018744064577397912,cat,500,333,1.5015015015015014,0.01070750237416904,0.004036087369420703,0.006398385565052232
2009_003542,train,0.3514897910731244,cow,500,333,1.5015015015015014,0.16202516619183285,0.19466999050332384,0.0
2009_003565,train,0.20696225071225072,horse,500,375,1.3333333333333333,0.15390550807217473,0.015473646723646723,0.04031339031339031
2009_003714,train,0.17973053181386514,dog,333,500,0.666,0.10776353276353276,0.04997625830959164,0.029018281101614436
2009_003804,val,0.23670465337132005,horse,375,500,0.75,0.09789292497625832,0.05755579297245964,0.062476258309591644
2009_003901,train,0.34354819563152894,cow,500,375,1.3333333333333333,0.17302943969610637,0.12405033238366572,0.05230887939221272
2009_003928,train,0.07703584995251662,dog,394,500,0.788,0.020892687559354226,0.037767094017094015,0.023563627730294398
2009_004070,train,0.009199905033238366,sheep,500,375,1.3333333333333333,0.00803656220322887,0.0014601139601139602,0.0
2009_004111,train,0.2904380341880342,dog,333,500,0.666,0.1061965811965812,0.08329178537511871,0.09578584995251661
2009_004233,train,0.17786087369420703,cow,500,375,1.3333333333333333,0.10461182336182336,0.044604700854700856,0.034395773979107314
2009_004262,train,0.3935838081671415,horse,500,333,1.5015015015015014,0.1984567901234568,0.17402659069325735,0.025759734093067425
2009_004307,val,0.33929843304843305,cat,500,375,1.3333333333333333,0.09619539411206078,0.2121735517568851,0.039078822412155746
2009_004366,train,0.1860517568850902,cow,500,375,1.3333333333333333,0.1343364197530864,0.021141975308641977,0.03332146248812916
2009_004448,val,0.4568732193732194,cat,375,500,0.75,0.21645299145299146,0.20118114909781576,0.04599952516619183
2009_004543,train,0.06000712250712251,horse,500,375,1.3333333333333333,0.04388651471984805,0.011942070275403609,0.004837369420702754
2009_004623,train,0.2700023741690408,horse,500,375,1.3333333333333333,0.11660731244064577,0.11232193732193732,0.041826923076923074
2009_004768,val,0.44986942070275404,sheep,500,426,1.1737089201877935,0.30520536562203227,0.15120489078822413,0.0
2009_004942,train,0.2836063627730294,horse,500,443,1.1286681715575622,0.17564696106362773,0.031077872744539412,0.07428774928774928
2009_005083,train,0.01412037037037037,cat,500,374,1.3368983957219251,0.010202991452991453,0.005703941120607787,0.0
2009_005089,train,0.012879867046533712,sheep,500,374,1.3368983957219251,0.01136633428300095,0.0010802469135802468,0.0
2009_005158,train,0.19342355175688508,cat,375,500,0.75,0.10433285849952517,0.07279795821462488,0.01851258309591643
2009_005161,val,0.26724240265906934,horse,448,500,0.896,0.1599537037037037,0.03337488129154796,0.06933760683760684
2009_005193,val,0.33046058879392215,sheep,500,375,1.3333333333333333,0.30268874643874644,0.01842948717948718,0.0
2009_005211,train,0.20868945868945868,cat,500,375,1.3333333333333333,0.16762820512820512,0.018708452041785374,0.028555318138651472
2009_005267,val,0.013983855650522316,cow,500,375,1.3333333333333333,0.012226970560303894,0.0018933998100664768,0.0011455365622032288
2010_000072,train,0.32408000949667615,dog,500,375,1.3333333333333333,0.1329712725546059,0.1343542260208927,0.06054131054131054
2010_000098,val,0.15366215574548908,dog,500,375,1.3333333333333333,0.06838200379867046,0.05388176638176638,0.03564814814814815
2010_000099,train,0.3840693257359924,cat,500,422,1.1848341232227488,0.28741690408357073,0.05661206077872744,0.03449667616334283
2010_000118,train,0.07449548907882242,cat,375,500,0.75,0.05545465337132004,0.014506172839506172,0.009211775878442545
2010_000218,train,0.4471984805318139,cat,500,333,1.5015015015015014,0.21336657169990503,0.12758190883190884,0.11401353276353277
2010_000266,train,0.2950320512820513,dog,500,375,1.3333333333333333,0.140159069325736,0.06883309591642925,0.09339981006647673
2010_000273,val,0.03300688509021842,horse,500,375,1.3333333333333333,0.02224596391263058,0.005377492877492877,0.008457977207977209
2010_000351,train,0.02719017094017094,dog,500,375,1.3333333333333333,0.0,0.027635327635327635,0.0
2010_000370,train,0.3175925925925926,dog,500,364,1.3736263736263736,0.12844848053181387,0.14030745489078822,0.05754985754985755
2010_000427,train,0.3280448717948718,cow,500,375,1.3333333333333333,0.24383903133903134,0.049471747388414054,0.043287037037037034
2010_000461,train,0.2572352801519468,horse,500,375,1.3333333333333333,0.18714981006647674,0.06385921177587844,0.010315764482431149
2010_000515,train,0.30815527065527065,dog,400,500,0.8,0.13945868945868947,0.17050094966761634,0.0
2010_000547,train,0.005128205128205128,sheep,500,375,1.3333333333333333,,,
2010_000690,val,0.0899335232668566,dog,500,306,1.6339869281045751,0.03587962962962963,0.057152184235517565,0.0
2010_000692,train,0.32188390313390314,cat,500,375,1.3333333333333333,0.15670702754036087,0.06701092117758785,0.10001187084520417
2010_000749,train,0.11942663817663818,horse,500,332,1.5060240963855422,0.08888888888888889,0.014215337132003798,0.021604938271604937
2010_000811,train,0.2521011396011396,dog,500,307,1.6286644951140066,0.15896248812915478,0.04960826210826211,0.05132359924026591
2010_000822,train,0.4390491452991453,sheep,500,375,1.3333333333333333,0.12390788224121557,0.32206196581196583,0.0
2010_000870,val,0.192420465337132,dog,500,375,1.3333333333333333,0.0759437321937322,0.08775522317188984,0.034039648622981956
2010_000875,val,0.12670346628679963,cat,500,375,1.3333333333333333,0.08707858499525166,0.028531576448243116,0.017117758784425452
2010_000923,train,0.340491452991453,horse,500,351,1.4245014245014245,0.24260446343779676,0.033630104463437796,0.07210944919278253
2010_001009,train,0.2746616809116809,dog,500,375,1.3333333333333333,0.11822768281101614,0.16266025641025642,0.0
2010_001032,train,0.14393399810066476,dog,500,375,1.3333333333333333,0.0962369420702754,0.02952872744539411,0.023510208926875595
2010_001147,train,0.2832799145299145,cat,500,375,1.3333333333333333,0.14859330484330485,0.0773207502374169,0.06420346628679963
2010_001242,train,0.28507241215574547,dog,500,333,1.5015015015015014,0.07197886989553656,0.16600783475783476,0.05375712250712251
2010_001256,train,0.19735280151946819,sheep,500,375,1.3333333333333333,0.16804962013295346,0.01347340930674264,0.0
2010_001355,val,0.013509021842355176,dog,335,500,0.67,0.008024691358024692,0.006730769230769231,0.0
2010_001421,train,0.346343779677113,dog,500,400,1.25,0.22336182336182336,0.12878679962013295,0.0
2010_001452,train,0.2346272554605888,cat,500,375,1.3333333333333333,0.15490859449192781,0.07623456790123456,0.00535968660968661
2010_001518,train,0.0022910731244064576,dog,500,354,1.4124293785310735,0.002225783475783476,0.0005698005698005698,0.0
2010_001522,train,0.19293091168091167,sheep,500,375,1.3333333333333333,0.15795346628679963,0.03751187084520418,0.0
2010_001548,train,0.1110042735042735,cow,500,333,1.5015015015015014,0.07615740740740741,0.023480531813865148,0.01696937321937322
2010_001587,train,0.4047602089268756,cat,500,334,1.4970059880239521,0.22949905033238366,0.17232312440645775,0.0
2010_001656,train,0.36629867046533715,cat,375,500,0.75,0.20436253561253562,0.10543091168091168,0.055205365622032286
2010_001659,train,0.025747863247863247,dog,500,375,1.3333333333333333,0.01038698955365622,0.00893281101614435,0.008903133903133903
2010_001760,train,0.45074786324786326,dog,416,500,0.832,0.17058998100664768,0.2474002849002849,0.04063390313390313
2010_001863,train,0.4910968660968661,cat,375,500,0.75,0.2746498100664767,0.1351792497625831,0.0787037037037037
2010_001869,val,0.18497150997150996,dog,500,333,1.5015015015015014,0.14521011396011396,0.02808641975308642,0.01745607787274454
2010_001937,train,0.4231837606837607,cow,500,375,1.3333333333333333,0.23711419753086418,0.19161324786324788,0.0
2010_002005,train,0.32840693257359926,dog,372,500,0.744,0.10264126305792973,0.2313093542260209,0.0
2010_002029,train,0.3080899810066477,dog,500,397,1.2594458438287153,0.07771842355175688,0.14111467236467237,0.09179131054131054
2010_002098,train,0.1311906457739791,cat,288,208,1.3846153846153846,0.07254273504273505,0.029825498575498575,0.026014957264957266
2010_002228,train,0.3575735992402659,dog,375,500,0.75,0.2040954415954416,0.07489316239316239,0.081914767331434
2010_002283,train,0.3610695631528965,horse,500,451,1.1086474501108647,0.24842711301044634,0.044592830009496674,0.06344966761633428
2010_002294,train,0.2713378442545109,sheep,500,375,1.3333333333333333,0.19770892687559355,0.06616809116809116,0.0
2010_002305,train,0.22547483380816713,cat,500,375,1.3333333333333333,0.11884496676163343,0.02936253561253561,0.07351614434947769
2010_002313,train,0.23349952516619182,dog,333,500,0.666,0.11750356125356125,0.07632359924026591,0.04724002849002849
2010_002354,train,0.4896070750237417,cat,333,500,0.666,0.3083986229819563,0.0992818138651472,0.07851970560303893
2010_002479,val,0.4771011396011396,cat,465,500,0.93,0.07881054131054131,0.3096213200379867,0.08116096866096865
2010_002482,val,0.002172364672364672,horse,375,500,0.75,0.0017509496676163343,0.0002967711301044634,0.0008309591642924976
2010_002512,train,0.17823480531813865,cat,500,333,1.5015015015015014,0.14354819563152896,0.029338793922127255,0.0
2010_002547,train,0.005300332383665717,sheep,500,333,1.5015015015015014,0.004148860398860399,0.0010921177587844254,0.0
2010_002601,train,0.4049798195631529,dog,500,375,1.3333333333333333,0.15557929724596392,0.2502849002849003,0.0
2010_002654,train,0.4989078822412156,dog,500,368,1.358695652173913,0.29538224121557455,0.17086301044634378,0.03880579297245964
2010_002691,train,0.4126187084520418,horse,500,367,1.3623978201634876,0.3217355175688509,0.06503442545109211,0.031641737891737895
2010_002701,train,0.005965099715099715,cow,500,375,1.3333333333333333,0.004605887939221272,0.0011870845204178537,0.000795346628679962
2010_002705,train,0.03928062678062678,sheep,500,333,1.5015015015015014,0.025308641975308643,0.014886039886039886,0.0
2010_002716,train,0.03912037037037037,cow,500,375,1.3333333333333333,0.029404083570750236,0.004878917378917379,0.007561728395061728
2010_002887,train,0.3598528015194682,dog,500,375,1.3333333333333333,0.23641381766381767,0.10898622981956316,0.022762345679012346
2010_002905,train,0.379320987654321,cow,375,500,0.75,0.14453347578347578,0.20247507122507122,0.0
2010_002960,val,0.4519230769230769,dog,276,500,0.552,0.2487951092117759,0.1300332383665717,0.0756054131054131
2010_003067,train,0.07885802469135803,cat,500,375,1.3333333333333333,0.04388651471984805,0.0313034188034188,0.00665954415954416
2010_003102,train,0.47596153846153844,sheep,500,334,1.4970059880239521,0.39316832858499523,0.0876068376068376,0.0
2010_003133,train,0.38475783475783476,cat,500,375,1.3333333333333333,0.22923195631528964,0.10555555555555556,0.05819088319088319
2010_003176,train,0.42183641975308644,dog,500,333,1.5015015015015014,0.21507003798670465,0.12995607787274455,0.08731006647673314
2010_003201,val,0.1521486229819563,cow,500,375,1.3333333333333333,0.12528490028490027,0.030656457739791074,0.0
2010_003214,val,0.07539767331433998,dog,500,375,1.3333333333333333,0.029243827160493827,0.03446106362773029,0.015443969610636278
2010_003223,train,0.4744895536562203,cat,375,500,0.75,0.24446225071225072,0.1367936847103514,0.09970916429249763
2010_003253,train,0.31673789173789174,sheep,500,375,1.3333333333333333,0.28139838556505226,0.037832383665717,0.0
2010_003321,train,0.05542497625830959,dog,480,360,1.3333333333333333,0.035909306742640076,0.014090693257359925,0.007537986704653371
2010_003402,train,0.4185007122507122,cat,500,375,1.3333333333333333,0.2761574074074074,0.05397673314339981,0.09789292497625832
2010_003429,train,0.38592711301044635,sheep,500,332,1.5060240963855422,0.2788758309591643,0.05539529914529914,0.0
2010_003490,train,0.012678062678062678,horse,500,375,1.3333333333333333,0.009805318138651473,0.004261633428300095,0.0
2010_003522,val,0.2434710351377018,dog,500,375,1.3333333333333333,0.1611229819563153,0.08625949667616334,0.0
2010_003541,train,0.3137939221272555,sheep,500,338,1.4792899408284024,0.19849240265906934,0.11080246913580247,0.0
2010_003569,train,0.2852920227920228,cat,500,375,1.3333333333333333,0.1524335232668566,0.07021011396011397,0.03150522317188984
2010_003641,val,0.4529320987654321,cat,500,333,1.5015015015015014,0.2521426875593542,0.13249643874643874,0.05544278252611586
2010_003653,train,0.3289470560303894,dog,375,500,0.75,0.11804368471035137,0.12463793922127256,0.09141144349477683
2010_003687,train,0.04299620132953466,cat,500,375,1.3333333333333333,0.03446106362773029,0.007668566001899336,0.0030567426400759734
2010_003806,train,0.12317188983855651,sheep,500,375,1.3333333333333333,0.10511633428300095,0.00787037037037037,0.0
2010_003890,val,0.28232431149097814,horse,500,375,1.3333333333333333,0.20947293447293447,0.02871557454890788,0.05195868945868946
2010_003928,train,0.30816714150047486,cat,500,375,1.3333333333333333,0.1385446343779677,0.1447886989553656,0.021860161443494775
2010_003939,train,0.021130104463437795,sheep,500,375,1.3333333333333333,0.010416666666666666,0.012672127255460588,0.0
2010_004105,val,0.1489553656220323,sheep,500,375,1.3333333333333333,0.08303656220322887,0.014393399810066477,0.0
2010_004120,train,0.25053418803418803,cat,500,375,1.3333333333333333,0.14470560303893637,0.033297720797720795,0.080585232668566
2010_004140,train,0.20919990503323838,cow,500,375,1.3333333333333333,0.13779677113010447,0.07625237416904083,0.0
2010_004351,val,0.3749940645773979,horse,500,341,1.466275659824047,0.2774691358024691,0.04688983855650522,0.06209045584045584
2010_004428,val,0.12341524216524216,sheep,500,333,1.5015015015015014,0.09239078822412156,0.016179962013295347,0.0
2010_004461,train,0.3503205128205128,dog,500,375,1.3333333333333333,0.13592711301044635,0.14201092117758785,0.07916073124406457
2010_004519,val,0.3125890313390313,horse,500,375,1.3333333333333333,0.19960232668566003,0.0971806742640076,0.022762345679012346
2010_004629,train,0.08206908831908832,sheep,500,375,1.3333333333333333,0.05867758784425451,0.011585944919278253,0.0
2010_004634,train,0.42064933523266856,cat,500,375,1.3333333333333333,0.08784425451092118,0.27662037037037035,0.0647079772079772
2010_004635,val,0.13984449192782525,cow,500,375,1.3333333333333333,0.09487773029439696,0.02733262108262108,0.0237832383665717
2010_004691,val,0.323605175688509,cat,500,375,1.3333333333333333,0.14306742640075973,0.15676638176638177,0.029036087369420704
2010_004856,train,0.46147910731244063,horse,500,357,1.4005602240896358,0.35090218423551756,0.11671415004748338,0.0
2010_004891,train,0.13504867046533714,cat,500,333,1.5015015015015014,0.10871320037986705,0.02914292497625831,0.0
2010_004931,val,0.32984924026590695,dog,500,375,1.3333333333333333,0.16120014245014244,0.057033475783475784,0.1039292497625831
2010_004954,train,0.298937559354226,cat,375,500,0.75,0.20097340930674265,0.0496141975308642,0.03993945868945869
2010_004957,train,0.43951804368471037,dog,375,500,0.75,0.22554012345679011,0.21943257359924026,0.0
2010_004989,val,0.08896011396011395,dog,500,375,1.3333333333333333,0.019580959164292498,0.04929368471035138,0.022210351377018045
2010_005066,train,0.07292260208926876,sheep,500,375,1.3333333333333333,0.049151234567901235,0.023415242165242166,0.0
2010_005107,val,0.1717830009496676,horse,334,500,0.668,0.1019349477682811,0.03190883190883191,0.045334757834757836
2010_005115,train,0.18541073124406457,cat,500,334,1.4970059880239521,0.10727089268755935,0.020346628679962012,0.05552587844254511
2010_005174,train,0.404985754985755,horse,500,375,1.3333333333333333,0.22635327635327634,0.15151353276353277,0.03704890788224122
2010_005230,train,0.23615859449192783,cat,500,375,1.3333333333333333,0.09304368471035138,0.1467355175688509,0.0
2010_005285,train,0.302261396011396,sheep,333,500,0.666,0.22824074074074074,0.024252136752136753,0.0
2010_005330,train,0.1481718898385565,dog,500,375,1.3333333333333333,0.08301282051282051,0.028763057929724598,0.04122150997150997
2010_005340,val,0.47991452991452993,cat,500,333,1.5015015015015014,0.26355650522317187,0.11064221272554606,0.1149335232668566
2010_005416,val,0.07705365622032288,sheep,500,375,1.3333333333333333,0.05819681861348528,0.008778490028490028,0.0
2010_005424,val,0.019848053181386514,cow,500,375,1.3333333333333333,0.01613841405508072,0.0023148148148148147,0.0035434472934472933
2010_005484,train,0.4345500949667616,horse,333,500,0.666,0.22797364672364673,0.1971688034188034,0.018453228869895536
2010_005562,val,0.32132597340930674,cow,500,375,1.3333333333333333,0.2457917853751187,0.07934472934472935,0.0
2010_005688,train,0.4833452041785375,sheep,500,333,1.5015015015015014,0.3503145773979107,0.13626543209876543,0.0
2010_005719,val,0.42698243114909784,sheep,500,332,1.5060240963855422,0.37000830959164294,0.06079653371320038,0.0
2010_005777,train,0.41994301994301997,dog,467,500,0.934,0.22525522317188984,0.10405982905982906,0.09237298195631528
2010_005784,train,0.2511574074074074,horse,318,260,1.2230769230769232,0.18863366571699905,0.021895773979107313,0.04998219373219373
2010_005870,val,0.3903786799620133,dog,500,375,1.3333333333333333,0.016132478632478634,0.33786206077872744,0.048670465337132006
2010_005885,val,0.1824667616334283,dog,500,375,1.3333333333333333,0.0887167616334283,0.09784544159544159,0.0
2010_005903,val,0.31904083570750236,cat,500,333,1.5015015015015014,0.18088793922127255,0.12139126305792973,0.019023029439696106
2010_005973,val,0.45438627730294395,cat,500,333,1.5015015015015014,0.2572293447293447,0.13046058879392214,0.07479226020892688
