file,split,per_occ,cat,img_w,img_h
2008_000060,train,0.4723506590136054,cat,448,336
2008_000181,train,0.4023757154344638,cat,486,348
2008_000336,train,0.0869706666666666,dog,500,375
2008_000428,train,0.3404940711462451,horse,400,253
2008_000696,train,0.0662167832167832,horse,500,286
2008_000761,train,0.4680586666666667,dog,500,375
2008_000860,train,0.0541173333333333,cat,500,375
2008_000901,train,0.374432,dog,500,375
2008_000905,train,0.4944384384384384,cow,500,333
2008_000915,train,0.0076213333333333,sheep,500,375
2008_000973,train,0.3537874659400545,dog,500,367
2008_000999,train,0.1784373333333333,cat,500,375
2008_001137,train,0.176096,dog,375,500
2008_001267,train,0.441424,cat,500,375
2008_001278,train,0.300675,horse,400,300
2008_001285,train,0.1203775811209439,dog,500,339
2008_001357,train,0.2556,cat,500,375
2008_001414,train,0.2687451923076923,cat,500,416
2008_001479,train,0.2771306666666667,dog,500,375
2008_001498,train,0.0737237237237237,dog,500,333
2008_001592,train,0.106,cat,500,375
2008_001610,train,0.053456,cat,500,375
2008_001741,train,0.2547862796833773,cat,500,379
2008_001836,train,0.0690223325062034,cat,500,403
2008_001872,train,0.4639743589743589,dog,500,312
2008_001876,train,0.1971306666666666,cat,500,375
2008_001921,train,0.0935306666666666,dog,500,375
2008_002033,train,0.041584,dog,375,500
2008_002116,train,0.1777386666666666,dog,500,375
2008_002160,train,0.0731413333333333,dog,500,375
2008_002177,train,0.3852153846153846,cat,500,260
2008_002182,train,0.1434346666666666,cat,500,375
2008_002215,train,0.32045,cat,400,300
2008_002294,train,0.344688,cat,500,375
2008_002329,train,0.1145546666666666,cat,500,375
2008_002441,train,0.2288,dog,500,375
2008_002584,train,0.4175358361774744,dog,500,293
2008_002612,train,0.3432106666666666,dog,500,375
2008_002697,train,0.1390506666666666,horse,500,375
2008_002749,train,0.3402275449101796,cat,500,334
2008_002793,train,0.357312,cat,500,375
2008_002993,train,0.0987946666666666,horse,500,375
2008_003101,train,0.0544533333333333,dog,500,375
2008_003180,train,0.0730186666666666,dog,500,375
2008_003244,train,0.4711220779220779,cat,385,500
2008_003297,train,0.06224,cow,500,375
2008_003347,train,0.1435026178010471,dog,500,382
2008_003380,train,0.0024984984984984,horse,500,333
2008_003386,train,0.491774278215223,cat,500,381
2008_003447,train,0.1415456790123457,horse,500,405
2008_003520,train,0.2757653333333333,dog,500,375
2008_003562,train,0.1345567010309278,cat,500,291
2008_003622,train,0.4219353348729792,cat,500,433
2008_003645,train,0.3225654008438818,dog,500,474
2008_003659,train,0.362208,cat,500,375
2008_003746,train,0.43288,dog,500,375
2008_003841,train,0.2123072289156626,cat,500,332
2008_003852,train,0.043536,dog,500,375
2008_004021,train,0.348624,dog,375,500
2008_004022,train,0.2131437125748503,cat,500,334
2008_004106,train,0.2077115987460815,dog,500,319
2008_004218,train,0.4451537328991628,dog,441,211
2008_004232,train,0.370256,cat,500,375
2008_004265,train,0.4058583333333333,dog,400,300
2008_004303,train,0.3108533333333333,cat,500,375
2008_004450,train,0.0105066666666666,cow,500,375
2008_004462,train,0.2711223880597015,cat,500,335
2008_004480,train,0.1407306666666666,dog,500,375
2008_004505,train,0.029984,dog,500,375
2008_004539,train,0.3069066666666666,horse,500,375
2008_004583,train,0.2714933333333333,cat,500,375
2008_004629,train,0.1976,sheep,400,300
2008_004635,train,0.3448132530120482,cat,332,500
2008_004752,train,0.3113813813813814,dog,500,333
2008_004767,train,0.3890026666666666,cat,500,375
2008_004804,train,0.2830773333333333,dog,500,375
2008_004827,train,0.0117973333333333,cow,500,375
2008_004845,train,0.4107207207207207,dog,500,333
2008_004911,train,0.111204081632653,horse,500,392
2008_004931,train,0.0604906666666666,dog,500,375
2008_004990,train,0.3612693333333333,cat,500,375
2008_004998,train,0.0543626666666666,dog,375,500
2008_005013,train,0.2306726726726726,cat,500,333
2008_005051,train,0.392608,dog,500,375
2008_005082,train,0.191904,dog,500,375
2008_005084,train,0.2310084033613445,dog,500,357
2008_005088,train,0.14624,cat,500,375
2008_005137,train,0.0497013333333333,dog,500,375
2008_005174,train,0.07408,dog,500,375
2008_005193,train,0.3492792792792792,cat,500,333
2008_005221,train,0.221312,dog,375,500
2008_005240,train,0.1319219219219219,dog,500,333
2008_005281,train,0.3676053333333333,cat,500,375
2008_005300,train,0.2405963060686015,cat,500,379
2008_005363,train,0.086672,dog,500,375
2008_005380,train,0.2866426426426426,cat,333,500
2008_005382,train,0.0127540106951871,dog,500,374
2008_005386,train,0.4196213333333333,cat,500,375
2008_005415,train,0.0755306666666666,dog,500,375
2008_005449,train,0.1488693333333333,cat,500,375
2008_005451,train,0.1444746666666666,dog,500,375
2008_005505,train,0.0419504950495049,sheep,500,202
2008_005514,train,0.2612586666666666,dog,500,375
2008_005523,train,0.467456,cat,500,375
2008_005636,train,0.2671,cat,400,300
2008_005656,train,0.3763903743315508,dog,500,374
2008_005668,train,0.2108533333333333,horse,500,375
2008_005673,train,0.3473546666666666,cat,500,375
2008_005714,train,0.1112853333333333,cow,500,375
2008_005716,train,0.2194666666666666,cat,500,375
2008_005728,train,0.0396426666666666,dog,500,375
2008_005823,train,0.0969623655913978,dog,372,500
2008_005845,train,0.2162042042042042,dog,500,333
2008_005853,train,0.0931626666666666,cat,500,375
2008_005871,train,0.4630981432360743,dog,500,377
2008_005938,train,0.1495454545454545,sheep,500,330
2008_006020,train,0.2342754491017964,dog,500,334
2008_006067,train,0.0748746666666666,dog,500,375
2008_006074,train,0.1277477477477477,dog,500,333
2008_006081,train,0.1651413333333333,cat,375,500
2008_006170,train,0.2481861861861861,dog,500,333
2008_006211,train,0.0605449101796407,dog,500,334
2008_006280,train,0.1311413333333333,cat,500,375
2008_006335,train,0.3065124378109453,dog,500,402
2008_006351,train,0.2366453333333333,cat,375,500
2008_006355,train,0.0328,cow,500,375
2008_006384,train,0.0468615384615384,cat,260,500
2008_006386,train,0.188592,dog,375,500
2008_006430,train,0.3964384384384384,cat,333,500
2008_006434,train,0.2506366366366366,horse,500,333
2008_006462,train,0.1696586666666666,cat,500,375
2008_006474,train,0.019856,dog,500,375
2008_006511,train,0.0911573333333333,dog,500,375
2008_006546,train,0.1091652661064425,dog,500,357
2008_006561,train,0.2916336336336336,cat,500,333
2008_006578,train,0.042896,dog,500,375
2008_006629,train,0.3457973333333333,cat,500,375
2008_006682,train,0.2151466666666666,dog,500,375
2008_006717,train,0.1537099697885196,dog,331,500
2008_006728,train,0.4440100250626566,cat,399,500
2008_006843,train,0.3663603603603603,cat,500,333
2008_006908,train,0.1166566265060241,dog,500,332
2008_006909,train,0.1362773333333333,horse,500,375
2008_006910,train,0.0557546666666666,cat,500,375
2008_006926,train,0.1949386666666666,cat,375,500
2008_006973,train,0.2818978978978979,cat,500,333
2008_007004,train,0.2431315789473684,horse,500,380
2008_007014,train,0.4044533333333333,cow,500,375
2008_007028,train,0.294448,dog,500,375
2008_007039,train,0.19208,cat,500,375
2008_007045,train,0.455981981981982,dog,500,333
2008_007081,train,0.1592053333333333,dog,500,375
2008_007082,train,0.2069549549549549,cat,333,500
2008_007106,train,0.3994016172506738,cat,500,371
2008_007118,train,0.3153226666666666,dog,500,375
2008_007131,train,0.2725226666666667,dog,500,375
2008_007151,train,0.310156862745098,cat,500,357
2008_007208,train,0.0814186666666666,dog,375,500
2008_007236,train,0.3495015015015015,dog,500,333
2008_007239,train,0.2386525821596244,cat,426,500
2008_007245,train,0.023825,sheep,500,400
2008_007312,train,0.0897493333333333,dog,500,375
2008_007424,train,0.3710750750750751,horse,500,333
2008_007433,train,0.0365369227251943,dog,324,432
2008_007471,train,0.3924373333333333,dog,500,375
2008_007472,train,0.4709429429429429,cat,500,333
2008_007491,train,0.2528906666666666,dog,500,375
2008_007496,train,0.4439804560260586,cat,500,307
2008_007519,train,0.1494805970149253,dog,335,500
2008_007559,train,0.1792252252252252,dog,500,333
2008_007589,train,0.0553197873799725,cat,288,162
2008_007630,train,0.3587048789360928,cat,346,286
2008_007640,train,0.4110186666666666,cat,500,375
2008_007683,train,0.0996176470588235,cat,476,500
2008_007726,train,0.3279879518072289,cat,500,332
2008_007781,train,0.2690026666666666,dog,375,500
2008_007805,train,0.364784,dog,500,375
2008_007842,train,0.125408,cat,500,375
2008_007873,train,0.1842826666666666,cat,500,375
2008_007907,train,0.1561653333333333,dog,500,375
2008_007937,train,0.3529119189726895,dog,304,291
2008_007975,train,0.2790613333333333,cat,500,375
2008_008012,train,0.359933110367893,horse,299,500
2008_008031,train,0.107888,horse,500,375
2008_008132,train,0.4171645569620253,cow,474,500
2008_008193,train,0.2294029850746268,horse,500,335
2008_008356,train,0.0711311953352769,horse,500,343
2008_008370,train,0.011472,cow,375,500
2008_008428,train,0.3269147609147609,cow,481,500
2008_008476,train,0.0566625766871165,horse,500,326
2008_008482,train,0.003616,cow,500,375
2008_008521,train,0.0628426666666666,cow,500,375
2008_008533,train,0.3274202127659574,horse,500,376
2008_008541,train,0.2258666666666666,cow,375,500
2008_008623,train,0.3695893333333333,sheep,500,375
2008_008654,train,0.254448,cow,375,500
2008_008665,train,0.433728,sheep,500,375
2008_008666,train,0.037544502617801,sheep,500,382
2009_000100,train,0.2006786786786786,horse,333,500
2009_000150,train,0.17816,cat,375,500
2009_000250,train,0.2383003003003003,cow,500,333
2009_000268,train,0.1134933333333333,horse,375,500
2009_000287,train,0.0966666666666666,dog,500,333
2009_000289,train,0.0424426666666666,sheep,500,375
2009_000339,train,0.3261344537815126,dog,500,357
2009_000438,train,0.3177226666666666,cat,500,375
2009_000452,train,0.2826846846846846,dog,333,500
2009_000493,train,0.3818473684210526,cat,500,380
2009_000535,train,0.3284879518072289,cat,500,332
2009_000553,train,0.1172012012012012,cat,500,333
2009_000576,train,0.4156396396396396,horse,500,333
2009_000586,train,0.3802933333333333,dog,375,500
2009_000599,train,0.1433273273273273,cat,500,333
2009_000603,train,0.1023243243243243,horse,500,333
2009_000636,train,0.2916213333333333,dog,500,375
2009_000651,train,0.2482630272952853,dog,500,403
2009_000709,train,0.173251497005988,cow,334,500
2009_000770,train,0.1195991189427312,dog,500,454
2009_000774,train,0.1419573333333333,dog,500,375
2009_000793,train,0.0743297872340425,horse,500,376
2009_000804,train,0.087952,dog,500,375
2009_000854,train,0.2763146666666666,cat,500,375
2009_000869,train,0.0894293333333333,dog,500,375
2009_000874,train,0.4849074626865671,dog,500,335
2009_000899,train,0.1660053333333333,cow,375,500
2009_000953,train,0.4485225225225225,dog,500,333
2009_000970,train,0.274512,cat,500,375
2009_001036,train,0.168515406162465,horse,500,357
2009_001037,train,0.2613933933933934,cat,500,333
2009_001052,train,0.103232,dog,500,375
2009_001079,train,0.2361066666666666,cow,500,375
2009_001124,train,0.0375195195195195,dog,500,333
2009_001145,train,0.1826546546546546,cow,500,333
2009_001172,train,0.328344,sheep,500,500
2009_001180,train,0.4947083333333333,horse,336,500
2009_001201,train,0.1131146666666666,dog,500,375
2009_001203,train,0.1890686567164179,sheep,500,335
2009_001205,train,0.332012012012012,cat,500,333
2009_001251,train,0.3467784431137724,dog,334,500
2009_001260,train,0.0248373333333333,cat,500,375
2009_001270,train,0.335296803652968,cat,438,500
2009_001271,train,0.1691146666666666,dog,500,375
2009_001323,train,0.0362773333333333,horse,500,375
2009_001329,train,0.3221731343283582,dog,500,335
2009_001476,train,0.0953791469194312,dog,500,422
2009_001502,train,0.2473226666666666,cat,500,375
2009_001537,train,0.028064,sheep,500,375
2009_001550,train,0.4166453333333333,cat,500,375
2009_001589,train,0.2515075075075075,dog,500,333
2009_001664,train,0.203693215339233,horse,500,339
2009_001689,train,0.3323093333333333,cat,500,375
2009_001706,train,0.4484190476190476,dog,450,350
2009_001798,train,0.082448,cow,500,375
2009_001828,train,0.0926486486486486,dog,333,500
2009_001837,train,0.3252211055276381,horse,500,398
2009_001902,train,0.4444008350730689,dog,479,500
2009_001948,train,0.4453333333333333,cat,333,500
2009_001959,train,0.2027253333333333,sheep,500,375
2009_001962,train,0.153584,dog,500,375
2009_002093,train,0.3095093333333333,dog,500,375
2009_002133,train,0.1037837837837837,sheep,500,333
2009_002151,train,0.44848,horse,400,500
2009_002176,train,0.392688,cat,375,500
2009_002193,train,0.366826923076923,dog,400,494
2009_002229,train,0.3322384137601529,cow,448,299
2009_002245,train,0.3748828828828829,sheep,500,333
2009_002324,train,0.1093240223463687,dog,500,358
2009_002339,train,0.4704,horse,500,375
2009_002419,train,0.1918026666666666,dog,375,500
2009_002456,train,0.4396873563218391,dog,500,435
2009_002460,train,0.0473866666666666,dog,500,375
2009_002472,train,0.4685781710914454,cow,500,339
2009_002553,train,0.2986216216216216,dog,444,500
2009_002605,train,0.3720160320641282,dog,500,499
2009_002615,train,0.2516,cat,500,375
2009_002672,train,0.1575414634146341,dog,410,500
2009_002697,train,0.2415,horse,500,320
2009_002704,train,0.3616096096096096,cat,500,333
2009_002728,train,0.0791093333333333,dog,375,500
2009_002789,train,0.1578666666666666,dog,500,375
2009_002813,train,0.4109878048780487,cat,500,328
2009_002845,train,0.217027027027027,dog,500,333
2009_002847,train,0.3421333333333333,dog,500,375
2009_002901,train,0.1348657534246575,cow,500,365
2009_002908,train,0.3332426666666667,dog,375,500
2009_002917,train,0.2689216867469879,cat,500,332
2009_002955,train,0.063744,cat,375,500
2009_002957,train,0.3400213333333333,horse,500,375
2009_003056,train,0.3772532729103726,cat,331,240
2009_003172,train,0.0925766233766233,dog,500,385
2009_003209,train,0.0419115789473684,dog,475,500
2009_003218,train,0.018508,cow,500,500
2009_003225,train,0.4028216704288939,dog,500,443
2009_003232,train,0.2862526123301985,horse,319,480
2009_003249,train,0.1075466666666666,sheep,500,375
2009_003402,train,0.1907630769230769,dog,500,325
2009_003455,train,0.1172147239263803,cow,326,500
2009_003489,train,0.3328586666666667,cat,500,375
2009_003510,train,0.4153696145124717,cow,441,500
2009_003533,train,0.237655,horse,500,400
2009_003572,train,0.0862951807228915,horse,500,332
2009_003634,train,0.0961013333333333,cow,500,375
2009_003663,train,0.452816,cat,500,375
2009_003735,train,0.0349760479041916,dog,500,334
2009_003775,train,0.4244808510638297,horse,500,470
2009_003808,train,0.006528,cow,500,375
2009_003827,train,0.0498078078078078,dog,500,333
2009_003867,train,0.3611188405797101,cat,500,345
2009_003913,train,0.3723363363363363,dog,500,333
2009_003933,train,0.4330331491712707,cow,362,500
2009_003985,train,0.1510750750750751,cat,500,333
2009_004012,train,0.0884624624624624,dog,333,500
2009_004058,train,0.164432,horse,500,375
2009_004082,train,0.0393633633633633,dog,500,333
2009_004183,train,0.4370516129032258,cat,500,310
2009_004186,train,0.279088,cow,500,375
2009_004200,train,0.2352732732732732,dog,500,333
2009_004234,train,0.1349129129129129,cat,500,333
2009_004316,train,0.04976,cow,500,375
2009_004319,train,0.133562874251497,dog,500,334
2009_004358,train,0.4406133333333333,cat,500,375
2009_004424,train,0.4787927927927928,cat,333,500
2009_004434,train,0.3996936936936937,cat,500,333
2009_004454,train,0.0754971428571428,horse,500,350
2009_004465,train,0.216112,dog,500,375
2009_004477,train,0.2755495495495496,cat,500,333
2009_004545,train,0.2461588541666666,dog,320,240
2009_004598,train,0.4101493333333333,cat,500,375
2009_004628,train,0.1715449101796407,dog,500,334
2009_004688,train,0.436768,dog,500,375
2009_004705,train,0.4908468468468469,cat,500,333
2009_004728,train,0.3205465465465466,dog,500,333
2009_004772,train,0.4477973333333333,dog,375,500
2009_004779,train,0.1765706666666666,cat,500,375
2009_004790,train,0.3745319587628866,horse,485,500
2009_004805,train,0.070112,sheep,500,375
2009_004815,train,0.3802642642642642,horse,333,500
2009_004887,train,0.1405165165165165,cat,500,333
2009_004907,train,0.0067048192771084,dog,500,332
2009_004945,train,0.3413770491803278,sheep,500,427
2009_004953,train,0.4820277777777778,cat,360,500
2009_005000,train,0.4621141141141141,horse,333,500
2009_005037,train,0.0756132930513595,cat,500,331
2009_005051,train,0.3721352112676056,cat,500,355
2009_005055,train,0.1286601422788193,dog,257,198
2009_005095,train,0.2365538461538461,cat,500,390
2009_005102,train,0.1917294685990338,dog,500,414
2009_005107,train,0.180368,dog,500,375
2009_005130,train,0.37112,horse,500,375
2009_005160,train,0.3753675675675675,cat,500,370
2009_005272,train,0.3007413333333333,dog,375,500
2009_005307,train,0.1785105105105105,cow,500,333
2010_000002,train,0.269,sheep,500,430
2010_000009,train,0.2147507507507507,cat,500,333
2010_000014,train,0.4154613333333333,dog,500,375
2010_000026,train,0.4591466666666666,dog,500,375
2010_000043,train,0.1326186186186186,cat,500,333
2010_000067,train,0.0277706666666666,cat,375,500
2010_000071,train,0.1021141141141141,horse,333,500
2010_000082,train,0.2193706666666666,dog,500,375
2010_000109,train,0.308258064516129,cat,500,465
2010_000114,train,0.2528746666666667,cat,500,375
2010_000117,train,0.0254474474474474,sheep,500,333
2010_000124,train,0.460432,dog,500,375
2010_000182,train,0.3445825825825825,cat,500,333
2010_000183,train,0.2506613333333333,dog,375,500
2010_000189,train,0.2609765458422174,sheep,469,500
2010_000190,train,0.1155950155763239,sheep,500,321
2010_000227,train,0.4981386666666667,dog,500,375
2010_000244,train,0.2766726726726726,cat,500,333
2010_000263,train,0.1228746666666666,dog,500,375
2010_000276,train,0.2059551122194513,dog,500,401
2010_000293,train,0.2024384384384384,dog,500,333
2010_000303,train,0.3792094958394518,cat,360,227
2010_000347,train,0.3706026666666667,cat,500,375
2010_000362,train,0.47512,dog,500,375
2010_000388,train,0.183072,horse,500,375
2010_000389,train,0.0666546546546546,cat,500,333
2010_000395,train,0.3513973333333333,dog,500,375
2010_000404,train,0.4482349397590361,cat,332,500
2010_000453,train,0.1263132530120481,dog,332,500
2010_000458,train,0.4143093333333333,cat,500,375
2010_000465,train,0.0225,cow,500,244
2010_000469,train,0.4836147757255937,cat,500,379
2010_000484,train,0.1892792792792793,dog,333,500
2010_000498,train,0.1744543209876543,cow,500,405
2010_000519,train,0.1032641509433962,cat,500,424
2010_000538,train,0.4602293333333333,cat,500,375
2010_000561,train,0.305088,dog,500,375
2010_000576,train,0.4421724941724941,cat,500,429
2010_000613,train,0.150784,horse,500,375
2010_000616,train,0.1753013333333333,cat,500,375
2010_000626,train,0.214,dog,500,375
2010_000641,train,0.2783893333333333,sheep,500,375
2010_000644,train,0.0770826666666666,dog,500,375
2010_000661,train,0.2012372372372372,cat,500,333
2010_000675,train,0.4879364161849711,cat,346,500
2010_000681,train,0.0355435435435435,dog,500,333
2010_000702,train,0.1607733333333333,cat,500,375
2010_000716,train,0.3061261261261261,dog,500,333
2010_000746,train,0.3755626666666666,dog,375,500
2010_000769,train,0.053472,cat,500,375
2010_000799,train,0.4806613333333333,cat,500,375
2010_000808,train,0.0616106666666666,cow,500,375
2010_000815,train,0.4321965317919075,cat,500,346
2010_000838,train,0.4148703296703296,horse,500,455
2010_000862,train,0.193584,dog,500,375
2010_000872,train,0.278384,cat,500,375
2010_000879,train,0.2311967871485943,dog,498,500
2010_000899,train,0.1427807807807807,dog,500,333
2010_000914,train,0.2712853333333333,cat,375,500
2010_000983,train,0.010704,dog,500,375
2010_001012,train,0.2823466666666667,cat,500,375
2010_001023,train,0.2868693333333333,dog,500,375
2010_001063,train,0.180224,dog,500,375
2010_001100,train,0.4383093333333333,cat,500,375
2010_001140,train,0.2302702702702702,cat,500,333
2010_001154,train,0.2920106666666666,dog,500,375
2010_001175,train,0.4901377870563674,sheep,500,479
2010_001193,train,0.1873066666666666,cat,500,375
2010_001195,train,0.0894826666666666,cat,500,375
2010_001211,train,0.0370186666666666,dog,500,375
2010_001225,train,0.2370666666666666,horse,500,360
2010_001237,train,0.3842634730538922,dog,500,334
2010_001253,train,0.4617237237237237,dog,333,500
2010_001299,train,0.3274910394265233,dog,279,500
2010_001317,train,0.1941185983827493,cow,500,371
2010_001344,train,0.2476746666666666,cat,500,375
2010_001347,train,0.3350986666666666,cat,500,375
2010_001361,train,0.4276853333333333,cat,500,375
2010_001370,train,0.478656,dog,375,500
2010_001386,train,0.2993653333333333,cat,500,375
2010_001402,train,0.3302773333333333,cat,500,375
2010_001422,train,0.0877553191489361,dog,500,376
2010_001425,train,0.2238826666666666,dog,500,375
2010_001435,train,0.3070166666666666,cat,400,300
2010_001450,train,0.2246666666666666,dog,333,500
2010_001457,train,0.2201681681681681,cat,500,333
2010_001465,train,0.4363946666666666,cat,500,375
2010_001487,train,0.4528853333333333,dog,500,375
2010_001499,train,0.2797653333333333,cat,500,375
2010_001503,train,0.20048,horse,375,500
2010_001529,train,0.3117081850533807,dog,281,500
2010_001596,train,0.3000600600600601,dog,333,500
2010_001602,train,0.118864,cat,500,375
2010_001647,train,0.2984,cat,500,375
2010_001665,train,0.1320586666666666,dog,500,375
2010_001687,train,0.3388562874251497,dog,500,334
2010_001694,train,0.0714189944134078,cow,500,358
2010_001700,train,0.211936,cat,375,500
2010_001706,train,0.3837546666666667,dog,500,375
2010_001709,train,0.2338992042440318,dog,500,377
2010_001747,train,0.3947070063694267,cat,314,500
2010_001795,train,0.0646933333333333,dog,375,500
2010_001797,train,0.0805866666666666,horse,500,375
2010_001841,train,0.2468348348348348,dog,333,500
2010_001842,train,0.314054054054054,cat,500,333
2010_001858,train,0.0109714285714285,dog,500,315
2010_001885,train,0.4674929577464788,cat,500,426
2010_001896,train,0.3206506666666666,dog,500,375
2010_001924,train,0.4627946666666667,dog,500,375
2010_001933,train,0.1715573333333333,dog,500,375
2010_001944,train,0.2612906666666666,dog,500,375
2010_001976,train,0.115488,dog,500,375
2010_001994,train,0.183248,cat,375,500
2010_002020,train,0.4892693333333333,dog,375,500
2010_002026,train,0.086192,cat,500,500
2010_002042,train,0.1360533333333333,dog,500,375
2010_002047,train,0.1264373333333333,cow,375,500
2010_002057,train,0.4787306666666667,cat,500,375
2010_002095,train,0.3648432432432432,dog,500,370
2010_002129,train,0.0021653333333333,dog,500,375
2010_002143,train,0.1274613333333333,cat,500,375
2010_002177,train,0.3362242562929062,cat,437,500
2010_002220,train,0.4754186666666666,dog,375,500
2010_002243,train,0.237408,cat,375,500
2010_002299,train,0.4825066666666666,dog,500,375
2010_002318,train,0.2118154198232323,dog,288,352
2010_002320,train,0.1150143540669856,cow,500,418
2010_002338,train,0.2325546666666666,dog,500,375
2010_002378,train,0.2027253333333333,sheep,375,500
2010_002391,train,0.4817057057057057,dog,500,333
2010_002410,train,0.120272,dog,500,375
2010_002425,train,0.4976411764705882,cat,340,500
2010_002459,train,0.139584,horse,500,375
2010_002472,train,0.1135946666666666,cat,500,375
2010_002499,train,0.1459036144578313,dog,500,332
2010_002527,train,0.3247327327327327,dog,500,333
2010_002551,train,0.4523466666666667,dog,500,375
2010_002553,train,0.2009013333333333,cat,500,375
2010_002562,train,0.299568,dog,375,500
2010_002573,train,0.26896,cat,500,375
2010_002589,train,0.34328,dog,500,375
2010_002594,train,0.3668213333333333,cat,500,375
2010_002615,train,0.14856,horse,375,500
2010_002616,train,0.2736053333333333,dog,500,375
2010_002626,train,0.3444373333333333,cat,500,375
2010_002644,train,0.422455,dog,400,500
2010_002659,train,0.2016063084112149,dog,480,428
2010_002662,train,0.0623063829787234,cat,500,470
2010_002674,train,0.1696426666666666,dog,500,375
2010_002692,train,0.2005226666666666,cat,375,500
2010_002750,train,0.0019219219219219,sheep,500,333
2010_002759,train,0.137936,dog,500,375
2010_002778,train,0.2687327327327327,cat,333,500
2010_002786,train,0.2522506666666667,dog,500,375
2010_002805,train,0.3376373333333333,dog,500,375
2010_002834,train,0.3636114285714286,cow,350,500
2010_002855,train,0.1140213333333333,cat,500,375
2010_002856,train,0.316060475161987,dog,463,500
2010_002884,train,0.2741653333333333,dog,500,375
2010_002901,train,0.2289173333333333,dog,500,375
2010_002909,train,0.3916853333333333,cat,500,375
2010_002938,train,0.429424,dog,500,375
2010_002979,train,0.212256,dog,500,375
2010_003028,train,0.1070453333333333,sheep,500,375
2010_003055,train,0.2447328244274809,dog,393,500
2010_003077,train,0.2417643504531722,dog,500,331
2010_003106,train,0.075584,cat,500,375
2010_003138,train,0.4289101796407185,dog,500,334
2010_003151,train,0.4846948640483384,cat,500,331
2010_003153,train,0.085616,sheep,500,375
2010_003174,train,0.231664,cat,375,500
2010_003186,train,0.3605333333333333,dog,375,500
2010_003192,train,0.176048,horse,500,375
2010_003197,train,0.1933546666666666,cat,500,375
2010_003222,train,0.3728,dog,500,375
2010_003230,train,0.0843567567567567,cat,500,370
2010_003252,train,0.0071093333333333,sheep,500,375
2010_003269,train,0.031872,dog,500,375
2010_003291,train,0.210012048192771,cat,500,332
2010_003333,train,0.0926486486486486,dog,500,333
2010_003342,train,0.4493653333333333,dog,500,375
2010_003345,train,0.0908828828828828,cow,500,333
2010_003372,train,0.4600238805970149,sheep,500,335
2010_003391,train,0.2193033033033033,dog,500,333
2010_003406,train,0.0432266666666666,dog,500,375
2010_003421,train,0.207712,cat,500,375
2010_003439,train,0.2869425981873111,dog,500,331
2010_003477,train,0.1506986666666666,dog,375,500
2010_003483,train,0.4093298153034301,cat,500,379
2010_003491,train,0.035824,sheep,500,375
2010_003513,train,0.3070797872340425,dog,376,500
2010_003551,train,0.0727267267267267,cat,500,333
2010_003554,train,0.134224,dog,500,375
2010_003582,train,0.1402133333333333,dog,500,375
2010_003598,train,0.0488685714285714,cat,350,500
2010_003629,train,0.289856,dog,500,375
2010_003665,train,0.2851573333333333,cat,500,375
2010_003672,train,0.1067946666666666,cat,500,375
2010_003690,train,0.077104,dog,500,375
2010_003696,train,0.2741532846715328,cat,500,274
2010_003714,train,0.11028,horse,500,300
2010_003721,train,0.277969696969697,dog,500,396
2010_003747,train,0.2797493333333333,cat,500,375
2010_003791,train,0.2969973333333333,dog,375,500
2010_003818,train,0.3723413333333333,cat,500,375
2010_003837,train,0.3010757946210269,dog,500,409
2010_003845,train,0.02344,cat,500,375
2010_003875,train,0.442864,cat,500,375
2010_003925,train,0.1288498583569405,cat,500,353
2010_003937,train,0.069104,cat,500,375
2010_003938,train,0.2089493333333333,dog,500,375
2010_003950,train,0.4687590422453703,cat,384,288
2010_003954,train,0.2328526645768025,sheep,500,319
2010_003958,train,0.1747637231503579,dog,419,500
2010_003982,train,0.095264,cat,375,500
2010_003987,train,0.3169973333333333,dog,500,375
2010_004011,train,0.1451586901763224,dog,500,397
2010_004030,train,0.0096746666666666,cow,500,375
2010_004052,train,0.3665528455284553,dog,500,369
2010_004060,train,0.1167608695652173,cat,368,500
2010_004074,train,0.3996373333333333,sheep,500,375
2010_004092,train,0.0487844311377245,horse,500,334
2010_004121,train,0.3280213333333333,dog,500,375
2010_004133,train,0.4079146666666666,cat,500,375
2010_004144,train,0.1036036036036036,cat,500,333
2010_004162,train,0.0486168224299065,dog,500,428
2010_004175,train,0.350125,cat,400,300
2010_004204,train,0.0073684210526315,dog,500,323
2010_004244,train,0.221265625,cat,384,500
2010_004247,train,0.2725973333333333,horse,500,375
2010_004248,train,0.0784586666666666,dog,500,375
2010_004259,train,0.489024,sheep,500,375
2010_004271,train,0.0584693333333333,cat,500,375
2010_004283,train,0.471216,cow,375,500
2010_004296,train,0.0899786666666666,dog,375,500
2010_004301,train,0.0762872340425531,cat,500,376
2010_004311,train,0.1854453333333333,dog,500,375
2010_004346,train,0.42992,cat,500,375
2010_004365,train,0.4196906666666666,cat,375,500
2010_004366,train,0.2749066666666667,dog,500,375
2010_004370,train,0.2603497942386831,dog,360,270
2010_004445,train,0.3787687687687687,dog,500,333
2010_004450,train,0.144768,dog,500,375
2010_004477,train,0.0249493333333333,horse,500,375
2010_004492,train,0.4899573333333333,dog,375,500
2010_004501,train,0.417326582278481,cat,500,395
2010_004511,train,0.2145013333333333,dog,500,375
2010_004514,train,0.4841377245508982,sheep,500,334
2010_004518,train,0.2513546666666666,cat,500,375
2010_004540,train,0.0712552552552552,cat,500,333
2010_004575,train,0.1281653333333333,cat,500,375
2010_004598,train,0.024368,cow,500,375
2010_004621,train,0.3196616314199396,cat,331,500
2010_004631,train,0.2117493333333333,dog,500,375
2010_004676,train,0.46732,cat,500,500
2010_004694,train,0.2649973333333333,sheep,375,500
2010_004717,train,0.1337673611111111,cat,360,480
2010_004730,train,0.3282941176470588,dog,500,374
2010_004797,train,0.059232,dog,500,375
2010_004808,train,0.4132053333333333,cat,375,500
2010_004841,train,0.2946186666666666,cat,500,375
2010_004874,train,0.3847027027027027,cat,500,333
2010_004896,train,0.4580636604774535,dog,500,377
2010_004900,train,0.3912492492492492,dog,500,333
2010_004913,train,0.0007830687830687,horse,500,378
2010_004916,train,0.3604745762711864,dog,500,413
2010_004918,train,0.3690331491712707,cat,500,362
2010_004928,train,0.2655946666666666,dog,500,375
2010_004945,train,0.4233513513513513,dog,500,333
2010_004968,train,0.0929489489489489,cat,333,500
2010_004970,train,0.0509493333333333,dog,500,375
2010_005011,train,0.1779819277108433,dog,332,500
2010_005072,train,0.0224693333333333,cat,500,375
2010_005090,train,0.3215568862275449,dog,500,334
2010_005128,train,0.1602293333333333,cat,500,375
2010_005134,train,0.4086873614190687,dog,500,451
2010_005149,train,0.3914026666666667,dog,375,500
2010_005161,train,0.176448,cat,500,375
2010_005202,train,0.2149429429429429,cat,500,333
2010_005216,train,0.1772274436090225,cat,266,400
2010_005229,train,0.3310409556313993,dog,293,400
2010_005232,train,0.2275434083601286,cat,500,311
2010_005253,train,0.0669066666666666,dog,500,375
2010_005257,train,0.0243146666666666,cat,375,500
2010_005260,train,0.1413611940298507,sheep,500,335
2010_005275,train,0.493280487804878,cat,328,500
2010_005306,train,0.129632,dog,500,375
2010_005361,train,0.3626453333333333,dog,375,500
2010_005391,train,0.4564385026737967,dog,500,374
2010_005408,train,0.1513386666666666,cat,500,375
2010_005434,train,0.418176,dog,500,375
2010_005462,train,0.2352,cat,500,375
2010_005468,train,0.0865105105105105,cow,500,333
2010_005475,train,0.3956596060943887,dog,299,450
2010_005492,train,0.3875518072289157,cat,500,415
2010_005505,train,0.2712586666666666,cat,500,375
2010_005522,train,0.0785653333333333,dog,500,375
2010_005561,train,0.243168,dog,500,375
2010_005573,train,0.4365602409638554,cat,500,332
2010_005584,train,0.184704,dog,375,500
2010_005595,train,0.0379626666666666,horse,375,500
2010_005601,train,0.3939627659574468,sheep,500,376
2010_005615,train,0.231184,dog,500,375
2010_005640,train,0.1250826666666666,dog,375,500
2010_005652,train,0.1273573573573573,cat,333,500
2010_005665,train,0.4006466165413533,dog,399,500
2010_005668,train,0.4261456310679611,cow,500,412
2010_005696,train,0.348368,cat,500,375
2010_005716,train,0.394775,dog,400,300
2010_005753,train,0.200054054054054,dog,333,500
2010_005791,train,0.098368,cat,500,375
2010_005796,train,0.2420477453580901,cat,377,500
2010_005807,train,0.4536873661670235,dog,500,467
2010_005820,train,0.0141212121212121,sheep,500,297
2010_005821,train,0.1873590225563909,cat,266,400
2010_005854,train,0.135728,dog,500,375
2010_005855,train,0.1700746666666666,cat,500,375
2010_005874,train,0.2945866666666666,dog,375,500
2010_005898,train,0.0952582781456953,dog,500,302
2010_005919,train,0.2652920792079208,horse,404,500
2010_005929,train,0.2788036616161616,dog,352,288
2010_005935,train,0.2318659217877094,cat,500,358
2010_005958,train,0.001936,dog,500,375
2010_005984,train,0.2234138972809667,cat,500,331
2010_005995,train,0.125392,dog,500,375
2010_006040,train,0.079912,cat,500,500
2010_006078,train,0.4279434763181412,cat,480,373
2008_000073,val,0.0728034188034188,cow,500,351
2008_000076,val,0.3188828828828828,horse,500,333
2008_000080,val,0.104688,dog,500,375
2008_000084,val,0.0304216216216216,sheep,500,370
2008_000116,val,0.165915,cat,500,400
2008_000119,val,0.3231842472824436,horse,264,499
2008_000182,val,0.0338102189781021,cat,411,500
2008_000183,val,0.4799767441860465,dog,258,500
2008_000239,val,0.1218198198198198,dog,500,333
2008_000306,val,0.2629493333333333,cat,375,500
2008_000345,val,0.2238328530259366,cat,500,347
2008_000358,val,0.2550838709677419,cat,500,310
2008_000401,val,0.3782826666666666,cat,500,375
2008_000464,val,0.2312853333333333,cat,500,375
2008_000581,val,0.2359573333333333,cat,375,500
2008_000602,val,0.3359630769230769,horse,325,500
2008_000670,val,0.11761474609375,cat,384,256
2008_000765,val,0.1017754010695187,horse,374,500
2008_000788,val,0.4523592814371257,dog,334,500
2008_000853,val,0.01848,cat,375,500
2008_000863,val,0.0988095238095238,dog,500,336
2008_000897,val,0.0176742857142857,dog,350,500
2008_000919,val,0.4134933333333333,cow,500,375
2008_000943,val,0.32632,dog,375,500
2008_001070,val,0.1018826666666666,dog,500,375
2008_001111,val,0.1920746666666666,cat,375,500
2008_001210,val,0.2931466666666666,cat,375,500
2008_001290,val,0.4329698795180723,cat,332,500
2008_001374,val,0.3924089456869009,cat,500,313
2008_001379,val,0.172768,dog,500,375
2008_001433,val,0.270905,cat,500,400
2008_001436,val,0.4152574850299401,dog,500,334
2008_001456,val,0.3958305084745763,dog,500,177
2008_001478,val,0.0985866666666666,dog,500,375
2008_001513,val,0.139184,cat,500,375
2008_001640,val,0.1581813333333333,cat,500,375
2008_001682,val,0.062432,horse,500,375
2008_001871,val,0.4691666666666667,dog,300,400
2008_001885,val,0.3617173333333333,cat,500,375
2008_001895,val,0.4123963963963964,dog,500,333
2008_001934,val,0.1891868131868131,horse,182,250
2008_002201,val,0.4083573333333333,cat,500,375
2008_002239,val,0.184656,dog,500,375
2008_002293,val,0.3395413333333333,cat,500,375
2008_002395,val,0.0212676767676767,dog,500,396
2008_002509,val,0.1904915514592934,horse,434,300
2008_002597,val,0.4174133333333333,cat,500,375
2008_002623,val,0.1491466666666666,cat,375,500
2008_002681,val,0.1642773333333333,cat,375,500
2008_002682,val,0.152336,cat,375,500
2008_002687,val,0.4038865979381443,dog,500,388
2008_002709,val,0.0116927710843373,cow,500,332
2008_002778,val,0.1806293333333333,cow,500,375
2008_002806,val,0.0833066666666666,horse,500,375
2008_002814,val,0.4296533333333333,dog,500,375
2008_002845,val,0.2055413333333333,cat,500,375
2008_002859,val,0.293024,dog,500,375
2008_002899,val,0.4615017793594306,cat,500,281
2008_002904,val,0.1900853333333333,dog,500,375
2008_002936,val,0.1672612612612612,dog,500,333
2008_003045,val,0.3256516516516516,cat,500,333
2008_003052,val,0.3688906666666666,cat,500,375
2008_003104,val,0.4989775280898876,cat,356,500
2008_003167,val,0.19281,cat,500,400
2008_003326,val,0.3403733333333333,horse,375,500
2008_003331,val,0.0646767371601208,dog,331,500
2008_003343,val,0.4137813333333333,cat,500,375
2008_003420,val,0.1973333333333333,cat,500,375
2008_003499,val,0.4114506666666667,cat,500,375
2008_003519,val,0.156384,cat,500,375
2008_003572,val,0.0486407185628742,dog,500,334
2008_003576,val,0.1911051051051051,dog,500,333
2008_003624,val,0.3173866666666666,cat,500,375
2008_003718,val,0.2160586666666666,dog,500,375
2008_003782,val,0.171104,horse,500,375
2008_003799,val,0.123135,dog,500,400
2008_003932,val,0.280608,cat,500,375
2008_004007,val,0.4572213333333333,sheep,500,375
2008_004048,val,0.0888533333333333,cat,500,375
2008_004058,val,0.2924331797235023,dog,434,500
2008_004119,val,0.4010810810810811,cat,500,333
2008_004121,val,0.3176696696696697,dog,500,333
2008_004155,val,0.4099344262295082,cat,500,183
2008_004174,val,0.399088,dog,500,375
2008_004175,val,0.0556953642384105,horse,500,151
2008_004189,val,0.1629386666666666,cat,500,375
2008_004273,val,0.413187675070028,dog,500,357
2008_004290,val,0.2639466666666666,cat,375,500
2008_004306,val,0.4203541162227603,dog,236,280
2008_004324,val,0.1274397590361445,dog,500,332
2008_004374,val,0.0714698795180723,cat,500,332
2008_004394,val,0.4416426666666667,cow,500,375
2008_004396,val,0.3130666666666666,horse,375,500
2008_004402,val,0.4024426666666666,dog,500,375
2008_004427,val,0.1417226666666666,dog,375,500
2008_004525,val,0.1320426666666666,dog,500,375
2008_004528,val,0.400291304347826,dog,460,500
2008_004540,val,0.1188902243589743,cat,312,416
2008_004621,val,0.169504,sheep,500,375
2008_004624,val,0.1129265536723163,horse,500,354
2008_004640,val,0.218096,cat,500,375
2008_004653,val,0.3573529411764706,dog,500,306
2008_004695,val,0.299525,dog,500,400
2008_004702,val,0.1264024024024024,dog,500,333
2008_004705,val,0.3397057057057057,horse,333,500
2008_004736,val,0.043232,cat,500,375
2008_004760,val,0.399104,dog,500,375
2008_004768,val,0.4539306666666666,dog,500,375
2008_004797,val,0.0354186666666666,cat,375,500
2008_004833,val,0.3373441734417344,dog,500,369
2008_004873,val,0.3502186666666667,cat,500,375
2008_004900,val,0.4250346666666666,dog,375,500
2008_004967,val,0.339664,cat,500,375
2008_004975,val,0.4535555555555555,dog,500,333
2008_004986,val,0.1346506666666666,dog,500,375
2008_005015,val,0.2156730245231607,dog,367,500
2008_005061,val,0.3688879120879121,cat,500,455
2008_005105,val,0.2497973333333333,cow,500,375
2008_005109,val,0.3270870870870871,cat,333,500
2008_005123,val,0.3703626666666667,dog,500,375
2008_005160,val,0.1045333333333333,dog,500,375
2008_005194,val,0.4756,dog,500,375
2008_005235,val,0.1457493333333333,cat,375,500
2008_005252,val,0.1382933333333333,cat,500,375
2008_005270,val,0.315488,cat,500,375
2008_005272,val,0.1804071856287425,dog,334,500
2008_005288,val,0.2246126126126126,cat,500,333
2008_005309,val,0.3845653333333333,cat,500,375
2008_005327,val,0.3623626666666666,horse,500,375
2008_005346,val,0.4766293333333333,dog,500,375
2008_005379,val,0.1530186666666666,dog,500,375
2008_005406,val,0.0457099697885196,dog,500,331
2008_005421,val,0.175744,cat,500,375
2008_005436,val,0.3160213333333333,dog,500,375
2008_005460,val,0.390144,cat,500,375
2008_005467,val,0.197936,dog,500,375
2008_005469,val,0.414816,cat,375,500
2008_005480,val,0.4039287170508239,cat,241,173
2008_005525,val,0.1246613333333333,horse,500,375
2008_005550,val,0.1369013333333333,cat,500,375
2008_005614,val,0.0263903903903903,cat,333,500
2008_005633,val,0.2297712609970674,sheep,500,341
2008_005642,val,0.138944,horse,500,375
2008_005643,val,0.2797333333333333,dog,500,375
2008_005657,val,0.2714089834515366,cat,423,500
2008_005691,val,0.2963078703703704,horse,480,360
2008_005699,val,0.3206263157894737,cat,380,500
2008_005703,val,0.1013453453453453,dog,500,333
2008_005735,val,0.4469310344827586,cat,290,500
2008_005748,val,0.31642,dog,500,500
2008_005816,val,0.4988106666666667,cat,500,375
2008_005831,val,0.0161044386422976,dog,383,500
2008_005860,val,0.3242933333333333,dog,500,375
2008_005883,val,0.154641544117647,dog,480,272
2008_005898,val,0.3227093333333333,dog,500,375
2008_005977,val,0.3678078078078078,cat,500,333
2008_005980,val,0.01928,dog,375,500
2008_006007,val,0.2903795180722892,dog,500,332
2008_006036,val,0.023456,horse,375,500
2008_006050,val,0.3564429530201342,cat,500,298
2008_006113,val,0.4852533333333333,cat,500,375
2008_006130,val,0.2900960960960961,dog,500,333
2008_006166,val,0.1705945945945945,dog,500,333
2008_006178,val,0.262803738317757,dog,321,425
2008_006190,val,0.2688225538971807,cat,300,201
2008_006218,val,0.2003253333333333,cat,500,375
2008_006320,val,0.0905128205128205,dog,480,325
2008_006325,val,0.3682983193277311,cat,500,476
2008_006347,val,0.02704,cat,500,375
2008_006356,val,0.2914293333333333,dog,500,375
2008_006362,val,0.431792,cat,500,375
2008_006403,val,0.1955306666666666,cat,500,375
2008_006416,val,0.1369489489489489,dog,500,333
2008_006449,val,0.4088768768768769,cat,500,333
2008_006452,val,0.4711651651651651,dog,500,333
2008_006477,val,0.3304411027568922,sheep,500,399
2008_006520,val,0.2988253012048192,cat,500,332
2008_006528,val,0.12816,cow,500,375
2008_006568,val,0.4856245210727969,dog,261,500
2008_006576,val,0.2356106666666666,cat,375,500
2008_006587,val,0.1136053333333333,dog,500,375
2008_006656,val,0.4849226666666666,cat,500,375
2008_006743,val,0.2541419753086419,dog,324,500
2008_006746,val,0.4703692307692307,cat,500,325
2008_006765,val,0.382064,cat,500,375
2008_006797,val,0.1020746666666666,horse,500,375
2008_006811,val,0.459804973416303,dog,465,451
2008_006956,val,0.2646986666666667,cat,500,375
2008_006968,val,0.2485645645645645,dog,500,333
2008_006981,val,0.0912426666666666,dog,500,375
2008_006999,val,0.3388493827160493,cat,500,405
2008_007031,val,0.131168,cow,500,375
2008_007123,val,0.0879306666666666,cow,500,375
2008_007164,val,0.0421242603550295,cat,500,338
2008_007176,val,0.1856533333333333,cat,500,375
2008_007216,val,0.1544746666666666,cat,375,500
2008_007256,val,0.462704,cat,500,375
2008_007269,val,0.1836474358974359,cat,500,312
2008_007279,val,0.3428053333333333,dog,500,375
2008_007327,val,0.3363413333333333,cat,375,500
2008_007358,val,0.1507146666666666,dog,375,500
2008_007384,val,0.3939159159159159,dog,500,333
2008_007403,val,0.4188214923269052,cat,313,417
2008_007417,val,0.0135615615615615,dog,500,333
2008_007497,val,0.0325226666666666,sheep,500,375
2008_007513,val,0.187888,dog,500,375
2008_007548,val,0.1272213333333333,cat,500,375
2008_007583,val,0.2485886075949367,dog,500,316
2008_007596,val,0.0335375375375375,cow,500,333
2008_007632,val,0.4069559228650137,cat,264,440
2008_007649,val,0.264620320855615,dog,500,374
2008_007662,val,0.1342535211267605,cat,500,355
2008_007694,val,0.209424,dog,500,375
2008_007702,val,0.2245744680851064,cat,376,500
2008_007735,val,0.2776906666666666,dog,500,375
2008_007736,val,0.2442346666666666,cat,500,375
2008_007794,val,0.1817897897897898,cat,333,500
2008_007814,val,0.208608,sheep,500,375
2008_007816,val,0.345628,horse,500,500
2008_007819,val,0.0491093333333333,dog,375,500
2008_007855,val,0.4487312775330396,cat,500,454
2008_007871,val,0.0124747774480712,dog,500,337
2008_007875,val,0.081568,dog,500,375
2008_007888,val,0.4289661538461538,cat,500,325
2008_007914,val,0.34512,cat,500,375
2008_007964,val,0.2821173333333333,cat,500,375
2008_007989,val,0.222075,cat,300,400
2008_008052,val,0.4832711864406779,horse,500,354
2008_008109,val,0.0231733333333333,sheep,375,500
2008_008279,val,0.443864,horse,500,500
2008_008296,val,0.012016,horse,500,375
2008_008318,val,0.3695470737913486,horse,500,393
2008_008392,val,0.125616,horse,500,375
2008_008421,val,0.4399159159159159,horse,333,500
2008_008636,val,0.2142596153846153,dog,500,416
2008_008713,val,0.0101141141141141,cow,500,333
2009_000012,val,0.1572638788752703,horse,418,292
2009_000039,val,0.0891531531531531,sheep,500,333
2009_000068,val,0.2557708333333333,horse,384,500
2009_000080,val,0.119296,cat,500,375
2009_000156,val,0.0344804804804804,dog,500,333
2009_000181,val,0.2773378378378378,dog,500,444
2009_000284,val,0.306178674351585,cat,347,500
2009_000312,val,0.1907413333333333,horse,500,375
2009_000321,val,0.4731591591591592,dog,333,500
2009_000366,val,0.1470773333333333,cat,500,375
2009_000410,val,0.3215583333333333,dog,300,400
2009_000466,val,0.1264,cat,375,500
2009_000472,val,0.2133024911032028,cow,281,500
2009_000512,val,0.3375195195195195,dog,500,333
2009_000566,val,0.4062765531062124,cat,500,499
2009_000593,val,0.0729909909909909,dog,333,500
2009_000614,val,0.3741288343558282,cat,500,326
2009_000647,val,0.3582293333333333,dog,375,500
2009_000681,val,0.3996516516516517,cat,500,333
2009_000705,val,0.053408,horse,500,375
2009_000716,val,0.3261013333333333,cat,500,375
2009_000778,val,0.3024940617577197,dog,421,500
2009_000782,val,0.3459159159159159,cat,333,500
2009_000823,val,0.2876470588235294,horse,500,340
2009_000837,val,0.2152106666666666,sheep,500,375
2009_000862,val,0.1573813333333333,cat,500,375
2009_000871,val,0.1634054054054054,dog,500,333
2009_000892,val,0.1031291291291291,dog,500,333
2009_000923,val,0.2301561561561561,dog,333,500
2009_000924,val,0.2086453333333333,sheep,500,375
2009_000935,val,0.082336,dog,500,375
2009_000964,val,0.0644171122994652,cat,500,374
2009_000971,val,0.061051051051051,cow,500,333
2009_000989,val,0.0125813333333333,dog,500,375
2009_001006,val,0.1013513513513513,dog,500,333
2009_001008,val,0.2683880597014925,cat,500,402
2009_001016,val,0.412736,cat,500,375
2009_001055,val,0.1267005076142132,horse,500,394
2009_001066,val,0.105552,dog,500,375
2009_001139,val,0.2695146666666667,dog,500,375
2009_001196,val,0.1068648648648648,horse,500,333
2009_001225,val,0.1323413333333333,dog,500,375
2009_001257,val,0.1327567567567567,cow,500,333
2009_001279,val,0.3782035928143712,cat,500,334
2009_001288,val,0.4408586666666667,dog,500,375
2009_001349,val,0.3056853333333333,sheep,500,375
2009_001355,val,0.0345927601809954,horse,500,442
2009_001361,val,0.3207440273037543,cat,500,293
2009_001367,val,0.2272,dog,500,375
2009_001391,val,0.3049640718562874,cat,334,500
2009_001411,val,0.2183626666666666,cat,500,375
2009_001419,val,0.2600960960960961,cat,500,333
2009_001484,val,0.4744924924924925,cat,500,333
2009_001522,val,0.3278975903614458,cat,500,332
2009_001535,val,0.3754431137724551,dog,500,334
2009_001562,val,0.2122042042042042,cat,500,333
2009_001568,val,0.2863697478991596,dog,500,357
2009_001594,val,0.005033033033033,cow,500,333
2009_001606,val,0.35448,dog,500,375
2009_001699,val,0.0198736842105263,sheep,500,285
2009_001733,val,0.2190666666666666,dog,375,500
2009_001833,val,0.1093706666666666,dog,500,375
2009_001835,val,0.4521493333333333,cat,375,500
2009_001881,val,0.3771466666666667,dog,375,500
2009_001916,val,0.3580757575757576,dog,396,500
2009_001991,val,0.411208,sheep,500,500
2009_002002,val,0.154590909090909,cow,500,396
2009_002008,val,0.3354026666666667,cat,500,375
2009_002012,val,0.2353633633633633,dog,500,333
2009_002035,val,0.067696,cow,500,375
2009_002097,val,0.0513993993993994,horse,500,333
2009_002150,val,0.3058933333333333,cow,500,375
2009_002155,val,0.2489653333333333,dog,500,375
2009_002228,val,0.3674042553191489,cat,376,500
2009_002231,val,0.263603305785124,horse,484,500
2009_002268,val,0.2962042042042042,cat,333,500
2009_002363,val,0.29296,cat,500,375
2009_002420,val,0.0534174174174174,horse,500,333
2009_002445,val,0.0790411622276029,dog,500,413
2009_002476,val,0.2511428571428571,dog,250,350
2009_002499,val,0.4049941860465116,cat,500,344
2009_002518,val,0.4818161764705882,cow,500,272
2009_002527,val,0.2856036036036036,cat,333,500
2009_002539,val,0.1617861635220125,dog,500,318
2009_002563,val,0.0501226666666666,dog,500,375
2009_002592,val,0.343015015015015,cat,333,500
2009_002667,val,0.1013556701030927,cat,388,500
2009_002684,val,0.303015015015015,horse,333,500
2009_002687,val,0.197216,dog,375,500
2009_002753,val,0.2012853333333333,cat,375,500
2009_002936,val,0.0943146666666666,cat,500,375
2009_002975,val,0.2550990990990991,horse,500,333
2009_003013,val,0.310048,cat,500,375
2009_003023,val,0.1048888888888888,dog,500,333
2009_003070,val,0.4682241887905605,cat,500,339
2009_003083,val,0.2772053333333333,horse,500,375
2009_003189,val,0.1505240963855421,cow,332,500
2009_003201,val,0.4826246246246246,cat,333,500
2009_003217,val,0.237776,dog,500,375
2009_003241,val,0.4367027027027027,dog,333,500
2009_003297,val,0.175377245508982,cow,500,334
2009_003305,val,0.0469009009009009,horse,500,333
2009_003312,val,0.1639893333333333,cat,500,375
2009_003375,val,0.2958453333333333,dog,500,375
2009_003457,val,0.033024,cat,375,500
2009_003466,val,0.248672,dog,500,375
2009_003467,val,0.2835786666666666,dog,375,500
2009_003509,val,0.0032853333333333,sheep,500,375
2009_003528,val,0.0189669669669669,cat,500,333
2009_003542,val,0.3516216216216216,cow,500,333
2009_003565,val,0.2075146666666666,horse,500,375
2009_003626,val,0.4458383233532934,cat,334,500
2009_003655,val,0.3865749235474006,cat,327,500
2009_003698,val,0.492192,cat,500,375
2009_003714,val,0.180084084084084,dog,333,500
2009_003756,val,0.4189866666666667,dog,500,375
2009_003771,val,0.2410990990990991,cat,333,500
2009_003804,val,0.237232,horse,375,500
2009_003810,val,0.335824,dog,500,375
2009_003847,val,0.4841891891891892,cat,500,370
2009_003901,val,0.343456,cow,500,375
2009_003902,val,0.3463783783783783,dog,500,333
2009_003904,val,0.284978978978979,cat,333,500
2009_003928,val,0.07748730964467,dog,394,500
2009_004016,val,0.3541081081081081,dog,500,333
2009_004033,val,0.0234294294294294,dog,333,500
2009_004038,val,0.2094114114114114,cat,333,500
2009_004070,val,0.0091733333333333,sheep,500,375
2009_004111,val,0.2906366366366366,dog,333,500
2009_004157,val,0.4714561933534743,cat,500,331
2009_004210,val,0.1020776119402985,cat,500,335
2009_004233,val,0.1783786666666666,cow,500,375
2009_004248,val,0.4856516516516516,cat,500,333
2009_004262,val,0.394012012012012,horse,500,333
2009_004307,val,0.3395626666666667,cat,500,375
2009_004361,val,0.328672,dog,375,500
2009_004366,val,0.1862346666666666,cow,500,375
2009_004382,val,0.4677507987220447,cat,313,500
2009_004448,val,0.45736,cat,375,500
2009_004504,val,0.2097073170731707,cat,369,500
2009_004529,val,0.4525013333333333,cat,500,375
2009_004543,val,0.0602773333333333,horse,500,375
2009_004581,val,0.061008,dog,500,375
2009_004592,val,0.0859399399399399,dog,333,500
2009_004607,val,0.4816216216216216,cat,500,333
2009_004623,val,0.2707306666666667,horse,500,375
2009_004716,val,0.1113386666666666,dog,500,375
2009_004721,val,0.4523466666666667,cat,500,375
2009_004768,val,0.4503943661971831,sheep,500,426
2009_004796,val,0.4866186666666666,cat,500,375
2009_004828,val,0.1568365384615384,dog,500,416
2009_004889,val,0.4367687687687687,dog,500,333
2009_004940,val,0.276251497005988,cat,500,334
2009_004942,val,0.2848261851015801,horse,500,443
2009_004961,val,0.0386107784431137,dog,500,334
2009_004971,val,0.3988013029315961,cat,500,307
2009_005083,val,0.0142673796791443,cat,500,374
2009_005089,val,0.0129625668449197,sheep,500,374
2009_005119,val,0.0761013333333333,cat,375,500
2009_005153,val,0.14728,dog,500,375
2009_005158,val,0.19392,cat,375,500
2009_005161,val,0.2680580357142857,horse,448,500
2009_005193,val,0.331248,sheep,500,375
2009_005211,val,0.2088746666666666,cat,500,375
2009_005219,val,0.198064,cat,500,375
2009_005225,val,0.001488,dog,500,375
2009_005267,val,0.014032,cow,500,375
2010_000033,val,0.3432132132132132,dog,500,333
2010_000072,val,0.3245333333333333,dog,500,375
2010_000098,val,0.1544266666666666,dog,500,375
2010_000099,val,0.3846587677725118,cat,500,422
2010_000110,val,0.2248888888888889,dog,333,500
2010_000118,val,0.074928,cat,375,500
2010_000127,val,0.3431946666666666,dog,375,500
2010_000163,val,0.4058060941828255,cat,361,500
2010_000216,val,0.2289166666666666,dog,300,200
2010_000218,val,0.4476396396396396,cat,500,333
2010_000247,val,0.470448,dog,500,375
2010_000261,val,0.414252,cat,500,500
2010_000266,val,0.2955626666666666,dog,500,375
2010_000273,val,0.0332266666666666,horse,500,375
2010_000286,val,0.2109653333333333,dog,500,375
2010_000317,val,0.2210133333333333,cat,500,375
2010_000351,val,0.02728,dog,500,375
2010_000370,val,0.3184175824175824,dog,500,364
2010_000374,val,0.275968,cat,500,375
2010_000422,val,0.427504,dog,375,500
2010_000427,val,0.32872,cow,500,375
2010_000456,val,0.152784,dog,500,375
2010_000461,val,0.2574613333333333,horse,500,375
2010_000468,val,0.1257866666666666,cat,500,375
2010_000515,val,0.308745,dog,400,500
2010_000547,val,0.005184,sheep,500,375
2010_000586,val,0.4126613333333333,cat,500,375
2010_000608,val,0.3688813559322034,dog,500,413
2010_000635,val,0.3392906666666667,dog,500,375
2010_000647,val,0.1022094455852156,cat,487,500
2010_000655,val,0.3478861209964413,dog,500,281
2010_000665,val,0.302096,cat,500,375
2010_000690,val,0.0900653594771241,dog,500,306
2010_000692,val,0.3222826666666666,cat,500,375
2010_000712,val,0.4906346666666666,cat,500,375
2010_000724,val,0.2034680451127819,cat,266,400
2010_000749,val,0.1198373493975903,horse,500,332
2010_000771,val,0.3637310195227766,dog,461,500
2010_000788,val,0.2030933333333333,dog,500,375
2010_000791,val,0.363328,cat,500,375
2010_000811,val,0.2526188925081433,dog,500,307
2010_000822,val,0.4394666666666666,sheep,500,375
2010_000828,val,0.090784,cat,500,375
2010_000870,val,0.1929013333333333,dog,500,375
2010_000875,val,0.127152,cat,500,375
2010_000889,val,0.0801813333333333,dog,375,500
2010_000923,val,0.3419601139601139,horse,500,351
2010_000941,val,0.3288221574344023,cat,343,500
2010_000989,val,0.336,dog,374,500
2010_000996,val,0.4064744744744745,cat,333,500
2010_001009,val,0.2749653333333333,dog,500,375
2010_001030,val,0.3236996996996997,cat,333,500
2010_001032,val,0.14448,dog,500,375
2010_001070,val,0.048624,cat,375,500
2010_001124,val,0.485376,dog,500,375
2010_001147,val,0.2834026666666667,cat,500,375
2010_001172,val,0.1101261261261261,dog,500,333
2010_001215,val,0.1044871794871794,cat,500,312
2010_001229,val,0.0576373333333333,dog,500,375
2010_001242,val,0.2856096096096096,dog,500,333
2010_001256,val,0.1980586666666666,sheep,500,375
2010_001292,val,0.4367135922330097,cat,500,412
2010_001293,val,0.172984984984985,dog,500,333
2010_001305,val,0.25376,dog,500,375
2010_001326,val,0.2765866666666666,dog,500,375
2010_001331,val,0.264752,cat,500,375
2010_001333,val,0.04968,cat,500,375
2010_001351,val,0.1974054054054054,cat,500,333
2010_001355,val,0.0136119402985074,dog,335,500
2010_001382,val,0.1613653333333333,cat,500,375
2010_001417,val,0.3461939058171745,cat,361,500
2010_001421,val,0.346655,dog,500,400
2010_001432,val,0.4157258566978193,dog,321,500
2010_001452,val,0.234816,cat,500,375
2010_001461,val,0.4422882882882883,dog,500,333
2010_001473,val,0.2656816816816816,dog,500,333
2010_001516,val,0.3392213333333333,cat,500,375
2010_001518,val,0.0023389830508474,dog,500,354
2010_001522,val,0.1934293333333333,sheep,500,375
2010_001534,val,0.4128426666666667,cat,500,375
2010_001548,val,0.1116996996996997,cow,500,333
2010_001571,val,0.2532373333333333,dog,500,375
2010_001587,val,0.4050179640718563,cat,500,334
2010_001601,val,0.1308,dog,500,375
2010_001656,val,0.366608,cat,375,500
2010_001659,val,0.025824,dog,500,375
2010_001705,val,0.232688,dog,500,375
2010_001737,val,0.027872,cat,500,375
2010_001760,val,0.4513413461538461,dog,416,500
2010_001845,val,0.0793933933933934,dog,500,333
2010_001863,val,0.491968,cat,375,500
2010_001869,val,0.1854174174174174,dog,500,333
2010_001904,val,0.108976,dog,500,375
2010_001937,val,0.4237973333333333,cow,500,375
2010_001956,val,0.429008356545961,dog,359,500
2010_001968,val,0.2924373333333333,cat,500,375
2010_002000,val,0.063216,cat,500,375
2010_002005,val,0.3287795698924731,dog,372,500
2010_002029,val,0.3087707808564232,dog,500,397
2010_002060,val,0.1443306666666666,dog,500,375
2010_002098,val,0.1316940438034188,cat,288,208
2010_002105,val,0.0903893333333333,dog,500,375
2010_002138,val,0.4493333333333333,cat,500,375
2010_002146,val,0.1532533333333333,cat,375,500
2010_002187,val,0.2118098958333333,dog,320,240
2010_002192,val,0.3801281337047353,cat,500,359
2010_002224,val,0.3390986666666666,cat,500,375
2010_002228,val,0.358112,dog,375,500
2010_002255,val,0.3888373333333333,cat,375,500
2010_002283,val,0.3616674057649667,horse,500,451
2010_002287,val,0.2366133333333333,dog,500,375
2010_002294,val,0.271536,sheep,500,375
2010_002305,val,0.2253173333333333,cat,500,375
2010_002313,val,0.2341861861861862,dog,333,500
2010_002332,val,0.4318738738738739,dog,333,500
2010_002354,val,0.4902882882882883,cat,333,500
2010_002365,val,0.047568,dog,500,375
2010_002398,val,0.2133612903225806,dog,500,310
2010_002406,val,0.2706666666666666,cat,500,375
2010_002422,val,0.334665,cat,500,400
2010_002449,val,0.269488,dog,375,500
2010_002468,val,0.2969611940298508,dog,500,335
2010_002479,val,0.477458064516129,cat,465,500
2010_002482,val,0.0022613333333333,horse,375,500
2010_002512,val,0.1784444444444444,cat,500,333
2010_002534,val,0.319616,dog,500,375
2010_002543,val,0.2319699699699699,cat,500,333
2010_002547,val,0.0053093093093093,sheep,500,333
2010_002580,val,0.1689736707566462,dog,480,326
2010_002601,val,0.405136,dog,500,375
2010_002602,val,0.201168,cat,500,375
2010_002631,val,0.462688,dog,375,500
2010_002654,val,0.4989673913043478,dog,500,368
2010_002678,val,0.3056706586826347,cat,500,334
2010_002691,val,0.4129209809264305,horse,500,367
2010_002701,val,0.005968,cow,500,375
2010_002705,val,0.0395315315315315,sheep,500,333
2010_002713,val,0.030032,cat,500,375
2010_002716,val,0.039376,cow,500,375
2010_002741,val,0.2332426666666666,dog,500,375
2010_002771,val,0.1913973333333333,cat,500,375
2010_002775,val,0.234624,dog,500,375
2010_002789,val,0.2068508557457212,cat,500,409
2010_002793,val,0.1714506666666666,dog,500,375
2010_002845,val,0.2995413333333333,cat,500,375
2010_002876,val,0.4187573333333333,cat,500,375
2010_002887,val,0.360272,dog,500,375
2010_002905,val,0.3796906666666667,cow,375,500
2010_002960,val,0.4525144927536232,dog,276,500
2010_002963,val,0.1230744680851063,cat,500,376
2010_002993,val,0.2700053333333333,cat,500,375
2010_002995,val,0.2074029850746268,dog,500,335
2010_003060,val,0.2961201201201201,dog,500,333
2010_003067,val,0.079072,cat,500,375
2010_003071,val,0.3075086505190311,dog,340,340
2010_003082,val,0.0198613333333333,dog,375,500
2010_003102,val,0.4761736526946107,sheep,500,334
2010_003133,val,0.38528,cat,500,375
2010_003147,val,0.2543742331288343,dog,500,326
2010_003176,val,0.4225225225225225,dog,500,333
2010_003187,val,0.4356693333333333,dog,500,375
2010_003190,val,0.3309939759036144,cat,500,332
2010_003201,val,0.1522613333333333,cow,500,375
2010_003214,val,0.0755306666666666,dog,500,375
2010_003223,val,0.4750933333333333,cat,375,500
2010_003232,val,0.0736266666666666,cat,375,500
2010_003233,val,0.4095449101796407,dog,500,334
2010_003253,val,0.3170773333333333,sheep,500,375
2010_003275,val,0.1538,cat,500,500
2010_003285,val,0.2047987987987988,dog,333,500
2010_003299,val,0.2916089566020314,cat,480,361
2010_003321,val,0.0556018518518518,dog,480,360
2010_003358,val,0.4484790419161676,cat,500,334
2010_003366,val,0.1069066666666666,dog,500,375
2010_003402,val,0.4192426666666666,cat,500,375
2010_003411,val,0.2345705705705705,dog,500,333
2010_003427,val,0.3990453333333333,cat,500,375
2010_003429,val,0.386722891566265,sheep,500,332
2010_003465,val,0.043488,dog,500,375
2010_003467,val,0.484944,cat,375,500
2010_003488,val,0.3660737704918033,cat,500,488
2010_003490,val,0.012912,horse,500,375
2010_003506,val,0.2966801007556675,dog,500,397
2010_003522,val,0.2437173333333333,dog,500,375
2010_003527,val,0.253039039039039,cat,500,333
2010_003541,val,0.3142307692307692,sheep,500,338
2010_003568,val,0.239152,dog,500,500
2010_003569,val,0.2855306666666666,cat,500,375
2010_003588,val,0.0854893410852713,dog,430,288
2010_003641,val,0.4536876876876877,cat,500,333
2010_003653,val,0.3294666666666667,dog,375,500
2010_003687,val,0.0430133333333333,cat,500,375
2010_003735,val,0.415536,dog,500,375
2010_003758,val,0.1780358208955224,cat,500,335
2010_003764,val,0.3310903614457831,cat,500,332
2010_003800,val,0.2342986666666666,cat,500,375
2010_003806,val,0.1236106666666666,sheep,500,375
2010_003823,val,0.1721081081081081,cat,500,333
2010_003826,val,0.3284213333333333,dog,500,375
2010_003863,val,0.4733333333333333,cat,500,375
2010_003890,val,0.2829173333333333,horse,500,375
2010_003898,val,0.2893173333333333,cat,500,375
2010_003928,val,0.3084106666666666,cat,500,375
2010_003939,val,0.0212266666666666,sheep,500,375
2010_003943,val,0.0519731182795698,cat,500,372
2010_003980,val,0.3178186666666667,dog,500,375
2010_003988,val,0.093424,cat,500,375
2010_003999,val,0.074465,dog,500,400
2010_004036,val,0.279728,dog,375,500
2010_004064,val,0.053424,dog,500,375
2010_004104,val,0.345033033033033,cat,500,333
2010_004105,val,0.1496746666666666,sheep,500,375
2010_004120,val,0.2510666666666666,cat,500,375
2010_004129,val,0.2756053333333333,dog,500,375
2010_004140,val,0.20952,cow,500,375
2010_004145,val,0.315,horse,500,334
2010_004179,val,0.3741013333333333,dog,500,375
2010_004209,val,0.1177226666666666,cat,500,375
2010_004211,val,0.1531325301204819,dog,500,332
2010_004227,val,0.3658203592814371,dog,334,500
2010_004257,val,0.1725226666666666,cat,500,375
2010_004279,val,0.2009333333333333,dog,500,375
2010_004286,val,0.044384,cat,500,375
2010_004320,val,0.4043582089552239,cat,500,335
2010_004335,val,0.1334826666666666,cat,500,375
2010_004339,val,0.094304,dog,500,375
2010_004351,val,0.3758005865102639,horse,500,341
2010_004417,val,0.3858133333333333,dog,375,500
2010_004425,val,0.322688,cat,500,375
2010_004428,val,0.1234774774774774,sheep,500,333
2010_004457,val,0.1409230769230769,cat,500,377
2010_004461,val,0.3506026666666667,dog,500,375
2010_004515,val,0.0532192192192192,cat,500,333
2010_004519,val,0.3132106666666667,horse,500,375
2010_004550,val,0.314824,dog,500,500
2010_004585,val,0.2709304511278195,cat,400,266
2010_004629,val,0.0824906666666666,sheep,500,375
2010_004634,val,0.421248,cat,500,375
2010_004635,val,0.1407093333333333,cow,500,375
2010_004642,val,0.2989489489489489,dog,500,333
2010_004667,val,0.3445866666666666,cat,500,375
2010_004679,val,0.2127867867867867,dog,500,333
2010_004691,val,0.3239893333333333,cat,500,375
2010_004733,val,0.232928,dog,375,500
2010_004756,val,0.31583,dog,400,500
2010_004768,val,0.0858978978978979,cat,333,500
2010_004795,val,0.0392906666666666,dog,500,375
2010_004829,val,0.295456,cat,500,375
2010_004849,val,0.2704373333333333,dog,500,375
2010_004856,val,0.4620056022408964,horse,500,357
2010_004861,val,0.2956156156156156,cat,500,333
2010_004891,val,0.1352192192192192,cat,500,333
2010_004919,val,0.15024,dog,500,375
2010_004931,val,0.3302293333333333,dog,500,375
2010_004954,val,0.299488,cat,375,500
2010_004957,val,0.4400053333333333,dog,375,500
2010_004967,val,0.2561386666666667,dog,500,375
2010_004989,val,0.088848,dog,500,375
2010_005066,val,0.0733653333333333,sheep,500,375
2010_005083,val,0.3442022471910112,dog,445,500
2010_005107,val,0.1724790419161676,horse,334,500
2010_005108,val,0.3155015384615384,cat,500,325
2010_005115,val,0.1861137724550898,cat,500,334
2010_005138,val,0.0352906666666666,dog,500,375
2010_005169,val,0.1186666666666666,dog,500,375
2010_005174,val,0.4059626666666667,horse,500,375
2010_005206,val,0.397792,dog,500,375
2010_005208,val,0.1774613333333333,cat,500,375
2010_005230,val,0.2365013333333333,cat,500,375
2010_005246,val,0.4750346666666666,dog,500,375
2010_005250,val,0.4696586666666666,cat,500,375
2010_005285,val,0.3029549549549549,sheep,333,500
2010_005330,val,0.1482133333333333,dog,500,375
2010_005340,val,0.4801021021021021,cat,500,333
2010_005394,val,0.2425333333333333,cat,500,375
2010_005416,val,0.0771626666666666,sheep,500,375
2010_005421,val,0.065968,cat,375,500
2010_005424,val,0.0200213333333333,cow,500,375
2010_005448,val,0.024896,dog,500,375
2010_005482,val,0.2284384384384384,cat,333,500
2010_005484,val,0.4351891891891892,horse,333,500
2010_005491,val,0.0717173333333333,dog,500,375
2010_005548,val,0.4243295711060948,dog,443,500
2010_005562,val,0.32136,cow,500,375
2010_005575,val,0.0920586666666666,dog,375,500
2010_005612,val,0.4670133333333333,dog,500,375
2010_005625,val,0.2554455445544554,dog,202,270
2010_005644,val,0.3891976047904191,dog,500,334
2010_005688,val,0.4835615615615615,sheep,500,333
2010_005712,val,0.3304850299401197,cat,500,334
2010_005719,val,0.4270421686746988,sheep,500,332
2010_005738,val,0.4607747747747748,dog,500,333
2010_005763,val,0.280192,cat,375,500
2010_005777,val,0.4197430406852248,dog,467,500
2010_005784,val,0.2521407837445573,horse,318,260
2010_005806,val,0.3057837837837838,cat,333,500
2010_005815,val,0.2948012232415902,dog,500,327
2010_005833,val,0.2401654501216545,cat,500,411
2010_005870,val,0.3906346666666667,dog,500,375
2010_005885,val,0.1828373333333333,dog,500,375
2010_005886,val,0.0639096385542168,cat,500,332
2010_005899,val,0.4770986666666666,cat,500,375
2010_005903,val,0.3195555555555555,cat,500,333
2010_005914,val,0.1005165165165165,dog,500,333
2010_005943,val,0.1807786666666666,dog,500,375
2010_005973,val,0.4546126126126126,cat,500,333
2010_005992,val,0.3323903903903903,dog,500,333
2010_006011,val,0.399824,cat,500,375
